"","user","degree"
"1068","hectorcaldera","222"
"2288","anak14","192"
"2480","alexvzlalibre","164"
"21","flaconauta69"," 92"
"2334","alfonsoconcha"," 72"
"2483","mariseka"," 68"
"95","enrique2009"," 64"
"14","lerida1510"," 63"
"13","andriuna1"," 56"
"103","leandro_paredes"," 52"
"2612","unetenses"," 52"
"1794","com_fech"," 46"
"2490","biobio"," 44"
"23","elchedelosgays"," 41"
"2510","latercera"," 41"
"1632","suberca"," 36"
"1230","inti_illimani"," 34"
"2542","pedrobh95"," 34"
"2229","tomalafacultad"," 33"
"132","ccp_movilizada"," 32"
"50","sebasmanrox"," 30"
"2487","cnnchile"," 29"
"1688","manecolombia"," 28"
"2773","elobservatodo"," 27"
"2426","enpautamega"," 26"
"99","el_institutano"," 25"
"308","riro1999"," 25"
"1638","gabrielboric"," 25"
"2790","soychilecl"," 25"
"2292","mariale_dc"," 23"
"280","marue16"," 22"
"41","donmatas"," 21"
"1415","yokito1978"," 21"
"2518","oposicionpinera"," 21"
"60","dgoeskite"," 20"
"2511","mercuriovalpo"," 20"
"2701","fer_pacita"," 20"
"2342","votainteligente"," 19"
"2522","sentidoscomunes"," 19"
"2524","elcomerciocom"," 19"
"2694","kiikass"," 18"
"1076","jllaulen"," 17"
"2375","nadja_"," 17"
"2476","chavezsincorona"," 17"
"1798","elciruela"," 16"
"2295","liderunox"," 16"
"1787","tjaque"," 14"
"1932","juanrequesens"," 14"
"2756","_italoignacio"," 14"
"2784","salas234"," 14"
"2478","gildatd"," 13"
"2520","oficinaprensapc"," 13"
"2528","seba_araos"," 12"
"2727","nutrimarce_"," 12"
"2805","csanchezrozas"," 12"
"15","patriayo"," 11"
"100","chaameelaa"," 11"
"2417","roperoedgar"," 11"
"2464","ccinfo_ucm"," 11"
"2504","sboric"," 11"
"2515","sebatiano"," 11"
"2556","lourdesubieta"," 11"
"2644","wuallon"," 11"
"2706","vacuna709"," 11"
"2730","mmannett"," 11"
"1167","ginniasa"," 10"
"2388","rubenalexei"," 10"
"2395","jairoriverah"," 10"
"2517","esopino"," 10"
"2606","abuepape2"," 10"
"2736","prod_chileno"," 10"
"114","ruedaveloz","  9"
"1302","feso_oficial","  9"
"1645","red_mivoz","  9"
"1894","ucabistas","  9"
"1930","malditoprotozoo","  9"
"2069","1954candanga","  9"
"2272","daetsid","  9"
"2732","caropaz_","  9"
"2834","carluc90","  9"
"42","phi_foix","  8"
"140","tofranku","  8"
"1508","universitecl","  8"
"2486","salamandravene","  8"
"2513","soyarica","  8"
"2529","jjcc_chile","  8"
"2543","elsurcl","  8"
"2552","jjreye","  8"
"2587","hectd","  8"
"2794","austral_losrios","  8"
"2879","ceciliatoro","  8"
"431","cicutica","  7"
"1975","socializa","  7"
"2494","angela_poblete","  7"
"2496","nacioncl","  7"
"2514","shaiagosin","  7"
"2558","chichita1","  7"
"2567","mariielizz","  7"
"2583","mctte09","  7"
"2616","quetacar","  7"
"2682","marcelodiazd","  7"
"2821","manuelucab","  7"
"89","anngiemendoza","  6"
"1412","gentedelsur","  6"
"1488","anatijoux","  6"
"2345","pablo_zuniga","  6"
"2541","laestrellaiqq","  6"
"2565","dictadura2009","  6"
"2569","alirioangel01","  6"
"2585","gerardomolinab","  6"
"2619","diegozam","  6"
"2652","dsmolansky","  6"
"2726","huella_digital","  6"
"2797","elcaarlooz","  6"
"2806","soniabouzas","  6"
"976","maneriquelme","  5"
"1155","daniboonita","  5"
"1900","baezaquintana","  5"
"1921","difamadores","  5"
"2080","victoruribeg","  5"
"2516","u_informado","  5"
"2584","alessandrass82","  5"
"2639","goveme","  5"
"2641","borisrq","  5"
"2737","condesa24","  5"
"2801","movilizatechile","  5"
"2844","ellanquihue","  5"
"2878","lidersanantonio","  5"
"2882","pablodelapeyra","  5"
"2891","pabloasecas2","  5"
"3","darevalor","  4"
"58","danitaphts","  4"
"392","aser_ne","  4"
"1565","_cristobalmassa","  4"
"1718","mixsodareloaded","  4"
"1775","ksanxezz","  4"
"1979","cristofercorrei","  4"
"2212","canal_chile","  4"
"2307","cruz1297","  4"
"2391","dankored","  4"
"2402","el_alexis","  4"
"2435","fernandomgalan","  4"
"2474","cianuro67","  4"
"2488","omlazo","  4"
"2489","fampago","  4"
"2509","christianpino","  4"
"2586","openletter1","  4"
"2588","zuleimigomez","  4"
"2592","virnaferrari","  4"
"2627","watsacarlos","  4"
"2643","choti_75","  4"
"2645","mass_disaster","  4"
"2705","pablnet","  4"
"2708","angelombd","  4"
"2723","vitocox","  4"
"2724","aperezperez","  4"
"2729","briffo","  4"
"2758","karensol32","  4"
"2835","contrainfo_edu","  4"
"2870","link_anarquista","  4"
"2889","haruu_ap","  4"
"2901","navarro092","  4"
"2909","ignacialira","  4"
"11","athenaseberlein","  3"
"36","jose__baeza","  3"
"46","rorro_didas","  3"
"102","charlyaponte","  3"
"234","cristinapaez","  3"
"273","emilyvenezuela4","  3"
"1145","marcelclaude","  3"
"1157","unabchile","  3"
"1197","carlos_said","  3"
"1241","florcitamotuda","  3"
"1345","filosofina","  3"
"1362","acua03","  3"
"1825","chileno_libre","  3"
"1908","erick_rozo","  3"
"1977","carilemu","  3"
"2298","dannylozada","  3"
"2312","randy_infinity","  3"
"2340","frainbow_s","  3"
"2359","subelaradio","  3"
"2380","unequis","  3"
"2381","estudiantesoy","  3"
"2393","pelaodiego","  3"
"2450","sebastiancaiceo","  3"
"2451","jpcazenaves","  3"
"2471","vikingotwit","  3"
"2482","roraimay","  3"
"2495","jaimepuyol","  3"
"2499","elcataldo","  3"
"2501","jagongora","  3"
"2523","redmarcelo","  3"
"2534","krisemall","  3"
"2547","marite_pineda","  3"
"2553","nenazuaje","  3"
"2557","chari_61","  3"
"2559","eliesca","  3"
"2572","zambrawill","  3"
"2577","juanccalles","  3"
"2595","anaidacamero","  3"
"2601","islacristalina","  3"
"2623","xtranamnt","  3"
"2624","_lopardo","  3"
"2640","sudamericanas","  3"
"2647","mallenx","  3"
"2670","frann_av","  3"
"2678","dedelirio","  3"
"2693","sergiovillegas","  3"
"2695","lascienformas","  3"
"2702","movilizatecl","  3"
"2703","hippiedemierda","  3"
"2746","elmorrocotudo","  3"
"2778","rdocorona","  3"
"2791","laestrellavalpo","  3"
"2816","jorgearestrepo","  3"
"2825","vjmc","  3"
"2826","ricardo_r2307","  3"
"2828","estrella_antofa","  3"
"2851","diegocorvalan","  3"
"2859","miquelregue","  3"
"12","kumaracapai","  2"
"20","darioteran","  2"
"22","pablosimonetti","  2"
"51","rodriadress","  2"
"61","igvallej","  2"
"65","waldoktw","  2"
"107","marcelopellet","  2"
"116","aujuapin","  2"
"216","434oscar","  2"
"329","fsahmkow","  2"
"355","mabercarvajal","  2"
"361","viloriajairo","  2"
"864","betico_1110","  2"
"1255","wilson_f_c","  2"
"1312","incubolica","  2"
"1352","tomasoski","  2"
"1390","juanucolautaro","  2"
"1448","maurorun","  2"
"1820","manolenster","  2"
"1906","alexbassoucab","  2"
"1946","oriaveledo","  2"
"2066","9soro","  2"
"2070","olgapetit","  2"
"2263","carmenbernal8","  2"
"2394","matias_carrozzi","  2"
"2440","eduard_sr","  2"
"2466","daetsiiupv","  2"
"2469","leninortega8","  2"
"2470","ninoskacuervo","  2"
"2472","anatelorza","  2"
"2473","louramd","  2"
"2481","demonwillori","  2"
"2485","pablolirar","  2"
"2492","pa0l_ita","  2"
"2493","mvacarezza","  2"
"2502","renejofre","  2"
"2512","frannajoes","  2"
"2521","ambdd","  2"
"2526","pepe_cortisona","  2"
"2527","masterifr","  2"
"2533","_ilgiorgio","  2"
"2535","felipemonteros","  2"
"2540","nelsonsemeco","  2"
"2551","aalvareznobell","  2"
"2560","ervitos","  2"
"2561","vprimero","  2"
"2563","johakira","  2"
"2574","slibe","  2"
"2579","vzlaestudiante","  2"
"2581","jsilva_92","  2"
"2582","azulejo40","  2"
"2590","mivenezuelaqda","  2"
"2591","carbonelljorge","  2"
"2599","uguelo","  2"
"2603","flabi_herrera","  2"
"2609","natticamachado","  2"
"2615","mariajcardozof","  2"
"2618","alvmunozf","  2"
"2628","lelesreque","  2"
"2638","clarinchile","  2"
"2651","g_laborde","  2"
"2654","el_jere","  2"
"2661","almubcalero","  2"
"2676","victoria_rb","  2"
"2683","piratalucky","  2"
"2689","fpvv","  2"
"2709","emol","  2"
"2712","aikiclaudio","  2"
"2713","beatrizcaceres","  2"
"2720","amoralesan","  2"
"2725","gagutierrezc","  2"
"2733","jlgallardo","  2"
"2735","chami_g","  2"
"2740","rodrigo_vau","  2"
"2741","nicoalejandrav","  2"
"2742","aarenasperez","  2"
"2743","cibermagda","  2"
"2748","a_pando","  2"
"2753","ignacioarenas","  2"
"2761","palomainfante","  2"
"2765","boratvillarroel","  2"
"2767","richardjer","  2"
"2768","barbarasotob","  2"
"2769","danielapulidoa","  2"
"2792","austral_osorno","  2"
"2793","wolfitox","  2"
"2800","alexispinolopez","  2"
"2804","dicolmo","  2"
"2809","diegotroncoso","  2"
"2811","camycuri","  2"
"2812","indignadoschile","  2"
"2818","mademusik","  2"
"2822","gabyarellano484","  2"
"2827","estudiantesven","  2"
"2829","mercurioafta","  2"
"2830","lucaspergal","  2"
"2833","tonyelrojo","  2"
"2839","carlosgraffe","  2"
"2840","mariarisax","  2"
"2841","luisleander","  2"
"2842","estrellaconce","  2"
"2845","carlosgallegoss","  2"
"2858","silviculturilla","  2"
"2866","phumanista","  2"
"2868","betaniabermejo","  2"
"2873","lavozdevalpo","  2"
"2874","claester","  2"
"2880","teo_guzman","  2"
"2881","rodolfo_aquev","  2"
"2888","sibupla","  2"
"2893","deliaggo","  2"
"2900","virginiasanche6","  2"
"2902","maria_sm95","  2"
"2906","claudiabp96","  2"
"2907","victorrueda_8","  2"
"2927","guajars","  2"
"6","zprusza","  1"
"10","lacatoto","  1"
"45","macerda","  1"
"49","edocrodriguez","  1"
"55","juanperezhijo","  1"
"59","andrecangre","  1"
"75","diegoquintana","  1"
"79","juanslopezm","  1"
"82","cholitafilms","  1"
"92","evecarrasco","  1"
"94","andrema92","  1"
"104","eltitiberg","  1"
"111","negryta___","  1"
"115","spz1947","  1"
"122","conbev","  1"
"194","olucien","  1"
"205","zucaldera","  1"
"217","milcamdev","  1"
"223","proeticos","  1"
"230","litoven","  1"
"248","elijosefina65","  1"
"251","awaketo","  1"
"287","ailekc","  1"
"346","anamariacerda","  1"
"351","joseant95096085","  1"
"369","alaramay","  1"
"381","luisco1968","  1"
"400","ale2pati","  1"
"402","lilianrangel","  1"
"416","abraham150055","  1"
"421","libia8a","  1"
"638","paulitagran","  1"
"650","marxismo_cl","  1"
"659","cuchacucha","  1"
"754","nogueracabrera","  1"
"774","virginiaescobar","  1"
"1067","esther_123344","  1"
"1147","cipoalbo_","  1"
"1172","revistavaso","  1"
"1245","sebavielmas","  1"
"1251","anitagax","  1"
"1254","freaky1987","  1"
"1301","hozado","  1"
"1304","lider_negativo","  1"
"1316","luiscmayorga","  1"
"1396","sanvillmx","  1"
"1397","heily19","  1"
"1459","carcamofelipe","  1"
"1481","rshevia","  1"
"1483","jasan777","  1"
"1549","cloudmig","  1"
"1749","titorcg","  1"
"1793","susana_zz","  1"
"1927","rvfradiopopular","  1"
"1941","jdsaragua","  1"
"1980","paulgyg91","  1"
"2029","feralcazar_","  1"
"2043","cecisoucab","  1"
"2051","aratzcastro","  1"
"2063","ra_zarte","  1"
"2065","cotilla13","  1"
"2068","lperezv","  1"
"2086","mikecervantesmx","  1"
"2110","redaccionmx","  1"
"2187","migelitro","  1"
"2215","mariantforever","  1"
"2314","ayanez23","  1"
"2346","palyytambourine","  1"
"2348","michaelmengsel","  1"
"2368","feernandoo","  1"
"2376","meupmeup","  1"
"2384","christianyanezp","  1"
"2404","trinifernandez","  1"
"2425","jorg_mago","  1"
"2445","perjake","  1"
"2461","alexmontestizka","  1"
"2468","hileph","  1"
"2475","gharbim66","  1"
"2477","tipsaldia","  1"
"2479","iiriza","  1"
"2484","tooov7","  1"
"2491","ubinocens","  1"
"2497","luchostein_cl","  1"
"2498","mundy","  1"
"2500","maurosepulvedam","  1"
"2503","verito__rocio","  1"
"2505","contafuentealba","  1"
"2506","guendelman","  1"
"2507","vilmafloressoto","  1"
"2508","sepaleon","  1"
"2519","paiz_chile","  1"
"2525","jottamora","  1"
"2530","rodrigo410","  1"
"2531","elterribledios","  1"
"2532","catypalazuelosg","  1"
"2536","periodistillo","  1"
"2537","niko_sepulveda","  1"
"2538","godual","  1"
"2539","rod0twit","  1"
"2544","mcarlotafermin","  1"
"2545","alejoduranr","  1"
"2546","henesymorales","  1"
"2548","marianallovera1","  1"
"2549","eliga90","  1"
"2550","beaglupglup","  1"
"2554","superneural","  1"
"2555","vanessadt20","  1"
"2562","yamilet06","  1"
"2564","mathewsluis","  1"
"2566","yreneb","  1"
"2568","ovariov","  1"
"2570","esbotoas12","  1"
"2571","johnnytravieso","  1"
"2573","mayerlingmilla1","  1"
"2575","jricardo90","  1"
"2576","afermins","  1"
"2578","zoniaderondon","  1"
"2580","bellomc","  1"
"2589","believe_victor","  1"
"2593","norelquis","  1"
"2594","joselaurencio","  1"
"2596","micheleg10","  1"
"2597","glupes","  1"
"2598","nappi_franca","  1"
"2600","nuadasword","  1"
"2602","jevc60","  1"
"2604","patriciadurigon","  1"
"2605","varsovia2009","  1"
"2607","carlosfeijoo","  1"
"2608","juruj","  1"
"2610","unetxprogreso","  1"
"2611","grandilo","  1"
"2613","sebagamboa_","  1"
"2614","maurosaavedra","  1"
"2617","acastanedamunoz","  1"
"2620","sjota4","  1"
"2621","anajprieto","  1"
"2622","chadcoto","  1"
"2625","eridu_","  1"
"2626","voz_uam","  1"
"2629","jrodriguezmoya","  1"
"2630","kkmola","  1"
"2631","maria_sugus15","  1"
"2632","alexander687","  1"
"2633","sinarsuarez","  1"
"2634","f_labra","  1"
"2635","crismorenofdez","  1"
"2636","plohe2000","  1"
"2637","naytun81","  1"
"2642","unomas012","  1"
"2646","ignacioaballay","  1"
"2648","ehuenchunhir","  1"
"2649","vmontoyat","  1"
"2650","soniapomenta","  1"
"2653","valequero10","  1"
"2655","francocarignano","  1"
"2656","nomellamochecko","  1"
"2657","carmenalviso","  1"
"2658","diarioelmundo","  1"
"2659","elenacardenasr","  1"
"2660","triniocantos","  1"
"2662","alehop4","  1"
"2663","beatriziclo","  1"
"2664","chati90","  1"
"2665","prfarmaceutico","  1"
"2666","catasuarezt","  1"
"2667","alnava","  1"
"2668","selimjadue","  1"
"2669","pamefaundez","  1"
"2671","mreneesv","  1"
"2672","veaerre","  1"
"2673","mautolosa","  1"
"2674","danielcastell","  1"
"2675","araujoliza","  1"
"2677","aphz","  1"
"2679","nikki_spectro","  1"
"2680","armx","  1"
"2681","lorenamussa","  1"
"2684","australtemuco","  1"
"2685","caro_moya","  1"
"2686","chernandez08","  1"
"2687","aorostica","  1"
"2688","patricia_lf","  1"
"2690","peroporsupuesto","  1"
"2691","pj_cauquenes","  1"
"2692","myta_colombe","  1"
"2696","dana_salgado","  1"
"2697","romanerd","  1"
"2698","totoiniguez","  1"
"2699","panchopollak","  1"
"2700","eltuitere","  1"
"2704","randrader","  1"
"2707","opac","  1"
"2710","raguayor","  1"
"2711","cote_escobar","  1"
"2714","vanehormazabal","  1"
"2715","nuevamentepunk","  1"
"2716","majogoecke","  1"
"2717","markosguzman","  1"
"2718","pino_023","  1"
"2719","heansphe","  1"
"2721","andreire74","  1"
"2722","danipuign","  1"
"2728","atroncosoc","  1"
"2731","marcialriv","  1"
"2734","aescobarpm","  1"
"2738","seba_acevedo","  1"
"2739","angelastrummer","  1"
"2744","tachobrion","  1"
"2745","pablopoulain","  1"
"2747","efeuade","  1"
"2749","claudiaaravenam","  1"
"2750","jen_vr","  1"
"2751","la_lisiada","  1"
"2752","mrfredes","  1"
"2754","valesst","  1"
"2755","c_brioneslabbe","  1"
"2757","pedrobaeza_is","  1"
"2759","katiusquilla","  1"
"2760","rapsodia_mental","  1"
"2762","matyhoppus","  1"
"2763","edwintirado","  1"
"2764","jessicaviloria","  1"
"2766","heychilly","  1"
"2770","octoamaro","  1"
"2771","bisiesto","  1"
"2772","manurasheed","  1"
"2774","shimmypanda","  1"
"2775","paulynit","  1"
"2776","marionyanezr","  1"
"2777","estoesdepandu","  1"
"2779","mcio_nrro","  1"
"2780","mc_guitar","  1"
"2781","blogdetodo1poco","  1"
"2782","el_ojopiojo","  1"
"2783","astefaninic","  1"
"2785","chalo_torres","  1"
"2786","jsantibanezd","  1"
"2787","guidoruiz","  1"
"2788","darerawr","  1"
"2789","pablopereirac","  1"
"2795","cadiaz90","  1"
"2796","nachaaa_","  1"
"2798","juriber2","  1"
"2799","darkjupa","  1"
"2802","maurigalaz","  1"
"2803","caracolradiollamado","  1"
"2807","franespana","  1"
"2808","celponline","  1"
"2810","nico_valdivieso","  1"
"2813","m_andres_cl","  1"
"2814","paucor12","  1"
"2815","manuvladimir","  1"
"2817","quique_twit01","  1"
"2819","grr_eme","  1"
"2820","monaguensa1","  1"
"2823","pato_orellana","  1"
"2824","jorgeme26","  1"
"2831","caroloxiis","  1"
"2832","lillo_c","  1"
"2836","unet9_cp","  1"
"2837","deryqa","  1"
"2838","dcu2luz","  1"
"2843","benja7","  1"
"2846","davidromanpr","  1"
"2847","quesoycoco","  1"
"2848","gonzaloespana","  1"
"2849","javipazfenix","  1"
"2850","microjuriscl","  1"
"2852","twittsejera","  1"
"2853","claradehuevo28","  1"
"2854","ceac_ucab","  1"
"2855","luciannez","  1"
"2856","derechodehablar","  1"
"2857","emedeche","  1"
"2860","corzisa","  1"
"2861","sardinaarrech","  1"
"2862","carlossomo","  1"
"2863","joakipelo","  1"
"2864","otromanuel","  1"
"2865","miryammoraa","  1"
"2867","natyta90","  1"
"2869","puroperiodismo","  1"
"2871","mirymoraa","  1"
"2872","pmahuzieru","  1"
"2875","roocio_mendez","  1"
"2876","ibylandia","  1"
"2877","aratosmiento","  1"
"2883","sfuentessa","  1"
"2884","juandafierroh","  1"
"2885","nicolavandero","  1"
"2886","diarioatacama","  1"
"2887","yorgua","  1"
"2890","primoya","  1"
"2892","puranoticia","  1"
"2894","lucas_navajas","  1"
"2895","asa_renteria","  1"
"2896","ursulamhk","  1"
"2897","hmoralc","  1"
"2898","audioosilent","  1"
"2899","richardsandoval","  1"
"2903","sugru13","  1"
"2904","soycoronel","  1"
"2905","mercuriocalama","  1"
"2908","germeljul","  1"
"2910","bernigonzalezu","  1"
"2911","matreraenpie","  1"
"2912","rosamnav","  1"
"2913","lumubu","  1"
"2914","rubencarrillos","  1"
"2915","pamplacencia","  1"
"2916","renyam","  1"
"2917","josenauto","  1"
"2918","metamost","  1"
"2919","marjoriesalinas","  1"
"2920","1aclarate","  1"
"2921","angelarellano","  1"
"2922","ralbornozp","  1"
"2923","liendor","  1"
"2924","marloukuksool","  1"
"2925","alejorquera","  1"
"2926","connieachurra","  1"
"2928","javilajota","  1"
"2929","el_vacanudo","  1"
"2930","csarvo","  1"
"2931","mtzcanobra","  1"
"2932","elpayanes","  1"
"2933","ladiscusioncl","  1"
"2934","edicion_cero","  1"
"2935","okkita_","  1"
"2936","martinechenique","  1"
"2937","franjamderecho","  1"
"2938","reinaldoq","  1"
"2939","catiita15","  1"
"2940","clausanhueza","  1"
"2941","asammajadahonda","  1"
"2942","atlante83","  1"
"2943","kolontai1959","  1"
"1","Robcar01","  0"
"2","RicardoMotaL","  0"
"4","VzlaEstudiante","  0"
"5","EluinG","  0"
"7","Lumos2008","  0"
"8","Yorkshire12345","  0"
"9","JEVC60","  0"
"16","bettyMV","  0"
"17","MICarratu","  0"
"18","_YoSoyMel","  0"
"19","UGUELO","  0"
"24","alejandradallas","  0"
"25","FranitaAravena","  0"
"26","RAIDNED","  0"
"27","jmartinez_a","  0"
"28","nizamargaret","  0"
"29","Anttrago","  0"
"30","Martinoalbert","  0"
"31","maestratuya","  0"
"32","joyanez","  0"
"33","CataSuarezT","  0"
"34","MaximoFrancisco","  0"
"35","carla_alvarez","  0"
"37","rheger","  0"
"38","Sicnar","  0"
"39","josetapiarojas","  0"
"40","cristobal1219","  0"
"43","Isidora","  0"
"44","JaimeZamorano01","  0"
"47","DanielCastell","  0"
"48","AledeValpito","  0"
"52","Marce_Sp","  0"
"53","_Loreto_Lobos_","  0"
"54","NutriMarce_","  0"
"56","JairBravoArenas","  0"
"57","gonzo_sandoval","  0"
"62","elibertaria","  0"
"63","BustosMeza","  0"
"64","Movilizatecl","  0"
"66","FraniBelen","  0"
"67","JuanPablo152","  0"
"68","PanxoTresPecas","  0"
"69","PeluFloyd","  0"
"70","kaytherin","  0"
"71","elxshiko2011","  0"
"72","Salas234","  0"
"73","Sebix_ultra_p","  0"
"74","Galateasan","  0"
"76","VivianYael","  0"
"77","JavierBiglia","  0"
"78","neoklau","  0"
"80","Pelaomeneses","  0"
"81","ChileAzulyVerde","  0"
"83","FranciscoLizam1","  0"
"84","Geraldkurt","  0"
"85","Elcaarlooz","  0"
"86","Rene_Barra3","  0"
"87","FuentesEs","  0"
"88","MovilizateChile","  0"
"90","Checho_Morales","  0"
"91","juamoya31","  0"
"93","Saint_Dubois","  0"
"96","wikenferd1","  0"
"97","ItsFernandaTrev","  0"
"98","CamilaEdithC","  0"
"101","fcoarteaga","  0"
"105","LadyDranBazar","  0"
"106","blukar","  0"
"108","haroldwistuba","  0"
"109","cinthia_soria_","  0"
"110","Martingnacio318","  0"
"112","nmaureir","  0"
"113","MafeMarquez1","  0"
"117","Valezka38","  0"
"118","MacaSilvaI","  0"
"119","Nathydechile","  0"
"120","DanielFigueroaP","  0"
"121","francosabat","  0"
"123","Noticias_12","  0"
"124","yosvalcepeda","  0"
"125","FelipeMendoza09","  0"
"126","filmavideo","  0"
"127","MatreraEnPie","  0"
"128","Maria_sm95","  0"
"129","MartaNavarro2","  0"
"130","Asamblea_Parla","  0"
"131","Alguna_opinion","  0"
"133","victorvargass","  0"
"134","JR_jimenes","  0"
"135","GenesysGP","  0"
"136","byrongMSC","  0"
"137","Giovanna_moreno","  0"
"138","SamyRivas","  0"
"139","ManuelRussian","  0"
"141","Maturinaldia","  0"
"142","mampvg","  0"
"143","ATOIDI88","  0"
"144","gilbertino43","  0"
"145","CCS24h","  0"
"146","leonardoccon","  0"
"147","BetoHernandez88","  0"
"148","TrafficMonagas","  0"
"149","wilmerleo","  0"
"150","gabriel_gabo87","  0"
"151","CJFariasL","  0"
"152","Gbastidas","  0"
"153","InesMP","  0"
"154","gabybuada","  0"
"155","Im_Otikalop","  0"
"156","ZDANIELA1","  0"
"157","csosa1983","  0"
"158","angelfuentesl","  0"
"159","MirniaT","  0"
"160","CuchySoyYo","  0"
"161","leayala62","  0"
"162","Goldinita","  0"
"163","josuegabriel","  0"
"164","PlanetaGaby","  0"
"165","Elpolaco11","  0"
"166","PERIKLEAF","  0"
"167","NoticiasenVZLA","  0"
"168","Arturo181","  0"
"169","ivon_ponce","  0"
"170","LUISHERRERAUC","  0"
"171","ElenitaPrez","  0"
"172","AnitaAhijado","  0"
"173","Rev_Int_RRPP","  0"
"174","isarm82","  0"
"175","RoderickNavarro","  0"
"176","OswaldoVivenes","  0"
"177","KAPPALFA73","  0"
"178","AmilKr_Guti","  0"
"179","thaisalemg","  0"
"180","Verdugini","  0"
"181","arochamarlis","  0"
"182","jesustoyo","  0"
"183","ReinaldoValera","  0"
"184","MariCastrillo","  0"
"185","SalvaBenasayag","  0"
"186","lesiavalera","  0"
"187","Nell_mar","  0"
"188","Noxxxpheratus","  0"
"189","solvzla","  0"
"190","landaetah","  0"
"191","HERMANJ29","  0"
"192","elizaraujo","  0"
"193","caricari86","  0"
"195","DinoraBelloM","  0"
"196","adriana_cuenca","  0"
"197","ChelyDiazR","  0"
"198","anelriv","  0"
"199","vaneclw","  0"
"200","cejotanex","  0"
"201","LuchaDeTodos","  0"
"202","Jalp1986","  0"
"203","marielmendozae","  0"
"204","Canoero04","  0"
"206","ipiccinini","  0"
"207","DIOSITA50","  0"
"208","Info_Vzla","  0"
"209","correydilo","  0"
"210","marlenherbert","  0"
"211","AnaMachado95","  0"
"212","yaseniajosefina","  0"
"213","ProtestaMilitar","  0"
"214","ovarioV","  0"
"215","omitaMMS","  0"
"218","elvengador_11","  0"
"219","gordaara","  0"
"220","Marlene_Gil","  0"
"221","CyC1969","  0"
"222","chelomg","  0"
"224","jaarubio","  0"
"225","VPrimero","  0"
"226","ANGIEANANDA","  0"
"227","CarolaVillegas","  0"
"228","Maribervin","  0"
"229","marurivas1969","  0"
"231","yayilaurent","  0"
"232","juanborrelli","  0"
"233","albertofuenmay1","  0"
"235","KEYLAQUIARO","  0"
"236","Jramosu2","  0"
"237","el1603","  0"
"238","Bichito17","  0"
"239","Dedalus2010","  0"
"240","alfolart","  0"
"241","albertojhs","  0"
"242","RodolfoMoros","  0"
"243","RFCARMONAPEREZ","  0"
"244","Pedro_Alvarez_","  0"
"245","Arqjap","  0"
"246","perezpetrica","  0"
"247","josersc","  0"
"249","sumisodvzla","  0"
"250","JLLMEJIAS","  0"
"252","vrlopez1","  0"
"253","marcostola_67","  0"
"254","IamMigdellys","  0"
"255","jgamez20","  0"
"256","vidavibra","  0"
"257","thaismari2","  0"
"258","Natthy54","  0"
"259","lucialosada","  0"
"260","vealtoro","  0"
"261","yoFarida","  0"
"262","olgacristina1","  0"
"263","johadi77","  0"
"264","EduardoGuerraB","  0"
"265","pely12","  0"
"266","zonia_lopez","  0"
"267","JesusValladuro","  0"
"268","ysabelded","  0"
"269","PAMR_1","  0"
"270","RodriguezLilita","  0"
"271","lewis1080","  0"
"272","amsanchezs","  0"
"274","Francysmel","  0"
"275","Landinof","  0"
"276","CarlosIturra_","  0"
"277","ChumaSuey","  0"
"278","dulceaguamiel53","  0"
"279","angelessuarezc","  0"
"281","_SommerGarcia","  0"
"282","FrancogDice","  0"
"283","JJReye","  0"
"284","ronaldalfredo","  0"
"285","SantiEsteves","  0"
"286","elnavegante13","  0"
"288","Tri_estudiantil","  0"
"289","auristela0355","  0"
"290","ang_st","  0"
"291","milayempe","  0"
"292","LiendoOrlando","  0"
"293","arelisfernandes","  0"
"294","Marylena_Garcia","  0"
"295","EVcaroli","  0"
"296","teodoratimaure","  0"
"297","eldris27","  0"
"298","Pienso1ro","  0"
"299","jjrivasp","  0"
"300","Pinedamarielos","  0"
"301","jcbarrios56","  0"
"302","shamyc15","  0"
"303","edmangut","  0"
"304","fernapiensa","  0"
"305","libel4","  0"
"306","Nidiomania","  0"
"307","Libeluz","  0"
"309","Gfranketa7","  0"
"310","RositaSL","  0"
"311","AponteDelpino","  0"
"312","jorescri","  0"
"313","hawkerinsky","  0"
"314","violeryn","  0"
"315","puertacegarra","  0"
"316","Yacare45","  0"
"317","mirtadietrich","  0"
"318","OzcarEseSoyYo","  0"
"319","fotoprensa","  0"
"320","vzla_libertad","  0"
"321","angelafaria3","  0"
"322","caluvapa","  0"
"323","Ilsecguevara","  0"
"324","loquetefaltaba","  0"
"325","CARLITOSEMM59","  0"
"326","angelvenezuela","  0"
"327","iliamantilla","  0"
"328","B5432S","  0"
"330","paojimenezM","  0"
"331","beyrilorena","  0"
"332","cirateresa","  0"
"333","aulobracho","  0"
"334","consuelocoello","  0"
"335","fidelsanchez72","  0"
"336","lnegrin1971","  0"
"337","SF_pastry","  0"
"338","yesswii","  0"
"339","gustavomenabeja","  0"
"340","carbaha","  0"
"341","haidecilla50","  0"
"342","HticoD","  0"
"343","JoseLlopiz","  0"
"344","danilir","  0"
"345","ViviWeil1","  0"
"347","beronic54","  0"
"348","Lucyprince","  0"
"349","DianaFreites","  0"
"350","revira3","  0"
"352","vendetta3000","  0"
"353","rojasfranco","  0"
"354","Any00isa","  0"
"356","edulysg","  0"
"357","karlrain","  0"
"358","Nom3lacalo","  0"
"359","Maracucha_75","  0"
"360","UnidadVzla2013","  0"
"362","BembaCaliente","  0"
"363","pablo_poolstim","  0"
"364","BellaPatriota","  0"
"365","hastaeLgorro","  0"
"366","Herre818","  0"
"367","esanclaso","  0"
"368","flordevida61","  0"
"370","jojenuvi","  0"
"371","912312901","  0"
"372","RJRPADRINO","  0"
"373","luisjsalazar","  0"
"374","gaviotalibertad","  0"
"375","joa0770","  0"
"376","gabo18venezuela","  0"
"377","YosefMel","  0"
"378","mariyeye","  0"
"379","dikasubla","  0"
"380","aldachi2222","  0"
"382","ALCE1","  0"
"383","Nellsand","  0"
"384","GloriaGranadosB","  0"
"385","francyssamuel","  0"
"386","angel24242424","  0"
"387","crazygirl_karen","  0"
"388","Darkdarky","  0"
"389","flormeca","  0"
"390","krlaivy","  0"
"391","ElditaG","  0"
"393","llegolabelleza","  0"
"394","TodPorVenezuela","  0"
"395","taniacasanoval","  0"
"396","MEchaide","  0"
"397","HEGP","  0"
"398","SeEscribeConL","  0"
"399","windy953","  0"
"401","mesiguestesigo","  0"
"403","Irisrojasv","  0"
"404","pietromaquedice","  0"
"405","TIALOLETA","  0"
"406","MoisesZambrano","  0"
"407","mareytcga","  0"
"408","Marialeorozco","  0"
"409","JilarySoto","  0"
"410","huizac","  0"
"411","JavierMaury","  0"
"412","kellytorrealba","  0"
"413","OSMARYVERA_OT","  0"
"414","Rafucho01","  0"
"415","ESCUALIDO_LIBRE","  0"
"417","servabea","  0"
"418","luisfwilches","  0"
"419","Lucilyp","  0"
"420","sin_nombre45","  0"
"422","Diliate","  0"
"423","_fisiomaux_","  0"
"424","camaguey1963","  0"
"425","greciarivero2","  0"
"426","chema471","  0"
"427","alexjaimes85","  0"
"428","ANDUJARROJAS","  0"
"429","MANRESA54","  0"
"430","irenhw","  0"
"432","giusepelo","  0"
"433","EmilianoMarquez","  0"
"434","medinamariela","  0"
"435","leonelacriollo","  0"
"436","soniagonzalezc","  0"
"437","veneali","  0"
"438","ciroramones","  0"
"439","ReginaEmilia","  0"
"440","jackie_629","  0"
"441","erwincanquis","  0"
"442","marielcis28","  0"
"443","ZulianaFeliz","  0"
"444","fejaroma","  0"
"445","ElGocho_12","  0"
"446","MoisesEyael67","  0"
"447","leoenbus","  0"
"448","SissyJF","  0"
"449","jennifer16_toky","  0"
"450","LibiaMargareth","  0"
"451","camajl73","  0"
"452","18lamarque","  0"
"453","FelixAmacuro","  0"
"454","eljesu_87","  0"
"455","bellaotaku","  0"
"456","mariacecilia727","  0"
"457","wilmertercero","  0"
"458","oswaldoelares","  0"
"459","cheoboada","  0"
"460","elvgonz","  0"
"461","Oswcam","  0"
"462","jsgarciacastro","  0"
"463","nando250873","  0"
"464","GACH14","  0"
"465","beatri39","  0"
"466","mcss12","  0"
"467","ClemenDeMendoza","  0"
"468","sametwari","  0"
"469","XElorza","  0"
"470","mimis51","  0"
"471","isamor10","  0"
"472","lizanderv","  0"
"473","AnaBZ95","  0"
"474","nancyescalona","  0"
"475","MaruAlvarezG","  0"
"476","raf_al","  0"
"477","luzmaria8a","  0"
"478","MisbelisA","  0"
"479","Ligonzal","  0"
"480","wizardsf","  0"
"481","MJJDULYS","  0"
"482","idaramos30","  0"
"483","bel2610","  0"
"484","777Santino","  0"
"485","arturo1960","  0"
"486","yesscary","  0"
"487","Juanpapiol","  0"
"488","useche_g","  0"
"489","MercadoMirza","  0"
"490","Williamjbh","  0"
"491","DexisdeDiaz","  0"
"492","jlff63taz","  0"
"493","joxeantonio","  0"
"494","hgfa17","  0"
"495","juliopera1","  0"
"496","beyita02","  0"
"497","mariajrojasch","  0"
"498","MajoMelendez","  0"
"499","Miryscg","  0"
"500","anapita4","  0"
"501","Rosbel66","  0"
"502","FranciaQuijano","  0"
"503","kfrancis27","  0"
"504","RCA11","  0"
"505","gimel120279","  0"
"506","mamanager2","  0"
"507","VilmaSifontes","  0"
"508","carlosmon802","  0"
"509","MARCIANA111","  0"
"510","PedroMontoya","  0"
"511","miriamblanco11","  0"
"512","yiraelena","  0"
"513","clementinagv","  0"
"514","Ailevsy","  0"
"515","AmandaGollo","  0"
"516","LG_Trujillo","  0"
"517","sandraV1958","  0"
"518","asal6164","  0"
"519","cjosebell","  0"
"520","DianalinPaz","  0"
"521","MirthaAvalos1","  0"
"522","siyo_gobernara","  0"
"523","anydfl","  0"
"524","FlorMFG","  0"
"525","NatySilvaMaestr","  0"
"526","leriruiz","  0"
"527","yuliandr","  0"
"528","jheimycarol","  0"
"529","Uncsm","  0"
"530","TiaFatimasaleh","  0"
"531","mpa3145","  0"
"532","INDIAPEMONA","  0"
"533","isadoralibertad","  0"
"534","juancbarrero","  0"
"535","Martesone","  0"
"536","edocarvelli","  0"
"537","SusyMoonchie","  0"
"538","zerpa25","  0"
"539","conchitalvarado","  0"
"540","alonsorojas1","  0"
"541","Synnahj82","  0"
"542","matasiete67","  0"
"543","yotein","  0"
"544","yvonnecaldera","  0"
"545","cocofag","  0"
"546","ixejauregui","  0"
"547","leon2757","  0"
"548","jccorderon","  0"
"549","aicm_princess","  0"
"550","tentealla","  0"
"551","veroj16","  0"
"552","luisyaro","  0"
"553","Gracilaria235","  0"
"554","elmosodetumama","  0"
"555","AlexandraZafra","  0"
"556","Scristians","  0"
"557","Jackiealicastro","  0"
"558","DoeNeC","  0"
"559","raletcardenas","  0"
"560","zaida_moreno","  0"
"561","3ng","  0"
"562","Francisco_oo","  0"
"563","RuestefaniCol","  0"
"564","ShirleyC04","  0"
"565","LuisAndres4","  0"
"566","Anyiiduran","  0"
"567","ismaybell_","  0"
"568","VictorAyalaA","  0"
"569","mparellano","  0"
"570","21pags","  0"
"571","DannyRodriguuez","  0"
"572","DACO26","  0"
"573","Amanda_Ramirez","  0"
"574","jorgeUNET","  0"
"575","mariettasantos","  0"
"576","lgchc","  0"
"577","Ramonchoh99","  0"
"578","AntoIglesias","  0"
"579","NoelCalderon8","  0"
"580","BelyoDMGRosales","  0"
"581","BelkizMC","  0"
"582","forivas","  0"
"583","DEsiii_ramirez","  0"
"584","yoel_alonso","  0"
"585","AlexiaMBalzaC","  0"
"586","Edimar_LG","  0"
"587","Joohnleal","  0"
"588","Edward140394","  0"
"589","yangr3","  0"
"590","alexarteaga09","  0"
"591","GERALMHP","  0"
"592","noterindasvzla","  0"
"593","zaidaroamoreno","  0"
"594","erickmrincon","  0"
"595","jessyrandrea09","  0"
"596","leonel240968","  0"
"597","frankliduarte","  0"
"598","laceibareclama","  0"
"599","milanoitalia1","  0"
"600","chikistody","  0"
"601","yajairap_paris","  0"
"602","jjguerrerom","  0"
"603","luisoswaldopch","  0"
"604","jefersonjmm","  0"
"605","aleja_guevara","  0"
"606","rnzemc","  0"
"607","AndresVasquez9","  0"
"608","elarsari","  0"
"609","Lasvuelticas","  0"
"610","MoninaJa","  0"
"611","flakagoch","  0"
"612","libertad_2020","  0"
"613","marilysgimenez","  0"
"614","migdiortega","  0"
"615","lenguaehacha","  0"
"616","Puebloverdad","  0"
"617","analabarte","  0"
"618","olgatpdr","  0"
"619","KrisberTrias","  0"
"620","HendryUseche","  0"
"621","CarlosGarcia_GV","  0"
"622","GregorioCasique","  0"
"623","YlichDavid","  0"
"624","DaniekGarcia","  0"
"625","StephannyReyes","  0"
"626","gerakoki","  0"
"627","Luiscejas","  0"
"628","ferrumycuprum","  0"
"629","Negra_Rivera","  0"
"630","Daniel_Sandoval","  0"
"631","ROITA_","  0"
"632","CarlosAmpuero","  0"
"633","barrocoaustral","  0"
"634","ImMariaVH","  0"
"635","fan020419","  0"
"636","Jonasalexanderd","  0"
"637","soyalejandro92","  0"
"639","sol_maria","  0"
"640","Lamzelok","  0"
"641","ci_sal_tina","  0"
"642","priscillasmar","  0"
"643","Gonzotronic","  0"
"644","MariaJNZ","  0"
"645","Merykaro1710","  0"
"646","YoiiAR_10","  0"
"647","MaxQuitral","  0"
"648","IturrietaR","  0"
"649","fidelsaavedrab","  0"
"651","AngelicaYoma","  0"
"652","LoreArellanoPRO","  0"
"653","Alonso_mh","  0"
"654","PattyVlsqz","  0"
"655","Jossema","  0"
"656","AremarGomez","  0"
"657","LuisaMontielT","  0"
"658","Lunaim","  0"
"660","AMSCALL","  0"
"661","Preciosita73","  0"
"662","cayemanrique","  0"
"663","jadepierre","  0"
"664","ponterima","  0"
"665","meredith976","  0"
"666","nanny1177","  0"
"667","katheza","  0"
"668","nveccy","  0"
"669","laluzsoyyo1","  0"
"670","Fenix27A","  0"
"671","sheila_jgm","  0"
"672","Belkisminerva56","  0"
"673","YODYNUEZ","  0"
"674","gustavomore773","  0"
"675","odecanha","  0"
"676","paopaoju3","  0"
"677","torres_deysi","  0"
"678","Niasosonia","  0"
"679","almamarisela","  0"
"680","Meyli82","  0"
"681","2012lenys","  0"
"682","Maribenita","  0"
"683","ivananka111","  0"
"684","leal_ele","  0"
"685","cancionbr89","  0"
"686","cescartaya14","  0"
"687","minervita1971","  0"
"688","carven22","  0"
"689","esferaceleste","  0"
"690","Katysm3Katy","  0"
"691","EVALINALOBO","  0"
"692","lorenaperez_310","  0"
"693","EdsonCarGonPer","  0"
"694","salisbury2010","  0"
"695","KIRALISTA","  0"
"696","venezuelalandia","  0"
"697","rox8009","  0"
"698","CyberSpyOne","  0"
"699","xavi_negron","  0"
"700","kikoyepez","  0"
"701","liviaguerrero","  0"
"702","elizabethconde6","  0"
"703","LairesSandra","  0"
"704","coquinabi","  0"
"705","guppeteer","  0"
"706","manuco22","  0"
"707","avicacao","  0"
"708","DaysiRiveraRoa","  0"
"709","royherd","  0"
"710","Pelencho50","  0"
"711","Simon_Fernandez","  0"
"712","celiaherrera","  0"
"713","franzfreites","  0"
"714","Numitor_ND","  0"
"715","VirusVzla","  0"
"716","eduranp","  0"
"717","jguerrero_2","  0"
"718","fjrs13","  0"
"719","zizouven","  0"
"720","JarelysAquino","  0"
"721","michsdk","  0"
"722","ggeko","  0"
"723","andreynaurpin","  0"
"724","Malele02","  0"
"725","ValleOrlando","  0"
"726","pan_con_chancho","  0"
"727","claudignacio","  0"
"728","calderon0103","  0"
"729","newenweichan","  0"
"730","pianitou","  0"
"731","SalgadoBoza","  0"
"732","la__radiolina","  0"
"733","MauriRoots","  0"
"734","chueko_cc","  0"
"735","Maurovski_","  0"
"736","crisgrebe","  0"
"737","vale23","  0"
"738","AndreSeymour","  0"
"739","renyez1","  0"
"740","strabuccoz","  0"
"741","NegroMartinez","  0"
"742","andresalarconu","  0"
"743","el__migo","  0"
"744","lrgonsa","  0"
"745","DieFreien","  0"
"746","alexm_cl","  0"
"747","movimientosurda","  0"
"748","menesesfab","  0"
"749","consudlab","  0"
"750","JeimmiCarrasco","  0"
"751","jooobal","  0"
"752","laraque79","  0"
"753","lourdesfalco","  0"
"755","danielgm95","  0"
"756","Sasmora","  0"
"757","rubencumare","  0"
"758","DianaSerrao","  0"
"759","Natteixe","  0"
"760","OriRobertis","  0"
"761","FlaviaContreras","  0"
"762","MaryLeibowicz","  0"
"763","anakp2701","  0"
"764","KathyCAB","  0"
"765","AdrianK8","  0"
"766","VivelaUCAB","  0"
"767","Grego992","  0"
"768","FranyelsRamirez","  0"
"769","fernandoguaro","  0"
"770","zoralyoropeza","  0"
"771","willywapz","  0"
"772","RVsqz","  0"
"773","Yusbra23","  0"
"775","evelynmff","  0"
"776","JoseLIGonzalezL","  0"
"777","ClandestinaGrey","  0"
"778","JINGOTPOR","  0"
"779","kakyleon","  0"
"780","Keylale","  0"
"781","MariliDelValle","  0"
"782","solisromero","  0"
"783","VivianQuerales","  0"
"784","LuisitoAugusto","  0"
"785","saturnoyang","  0"
"786","Sharonnieves","  0"
"787","carodavila15","  0"
"788","nenguele","  0"
"789","JessMachado235","  0"
"790","paolalaine","  0"
"791","leydibel","  0"
"792","Yeizomar","  0"
"793","VMSxde","  0"
"794","jenny_m03","  0"
"795","ElianyDosSantos","  0"
"796","cesaresoto","  0"
"797","izziedefreitas","  0"
"798","aguadosmar","  0"
"799","Skay_kay","  0"
"800","Andrismar","  0"
"801","laprincesabarby","  0"
"802","luisjanet0512","  0"
"803","annisrojas","  0"
"804","mc_parente","  0"
"805","ADRIANALOAIZA","  0"
"806","Nekaesfeliz","  0"
"807","ad_lolita22","  0"
"808","lamatematico","  0"
"809","NoeliaP92","  0"
"810","MaruchaE","  0"
"811","pijiguey","  0"
"812","VaneCChan","  0"
"813","MMF_305","  0"
"814","Mers_K","  0"
"815","AgnelysDS","  0"
"816","ismaelgabriel22","  0"
"817","ruiztiti66","  0"
"818","tovarr","  0"
"819","fpmarin","  0"
"820","lsando2676","  0"
"821","eldocuban","  0"
"822","elviraagudo","  0"
"823","AndresJosMartin","  0"
"824","melena777","  0"
"825","mary_angeles126","  0"
"826","maretzy","  0"
"827","anasousa308","  0"
"828","Dubry_psi","  0"
"829","luigifc","  0"
"830","Inesdiaz15","  0"
"831","Lore_gonzalez89","  0"
"832","Birh_13","  0"
"833","ADAMGASMIC","  0"
"834","Anitaurriet","  0"
"835","yisedtorrealba","  0"
"836","Yiyipimentel","  0"
"837","quebec_rt","  0"
"838","atrinka","  0"
"839","Leffercontrera","  0"
"840","saulrosales","  0"
"841","Stella53268257","  0"
"842","YasuriYamilet5","  0"
"843","fabytrini","  0"
"844","saretBe","  0"
"845","y_correia","  0"
"846","marquesa190433","  0"
"847","lachacha2","  0"
"848","lalessandra1","  0"
"849","vive_salvo","  0"
"850","abby_0302","  0"
"851","IzaskunjUrrutia","  0"
"852","Cladro","  0"
"853","isamariam","  0"
"854","TiTiAven","  0"
"855","mesandovalc","  0"
"856","ElkinsGraciela","  0"
"857","LGPA1806","  0"
"858","JAVBOOK","  0"
"859","adrianacielito","  0"
"860","patenke","  0"
"861","AngelBlasini","  0"
"862","tiburonjoven22","  0"
"863","Gerisana","  0"
"865","oscarojeda3","  0"
"866","karlaAVD","  0"
"867","aliciabarrera","  0"
"868","paty_pal","  0"
"869","gb_74","  0"
"870","RamirezJesus","  0"
"871","yoshysotillo","  0"
"872","lizmaryurbina","  0"
"873","Glorysabel777","  0"
"874","grulla28","  0"
"875","MorilloMauricio","  0"
"876","Yerlak","  0"
"877","Potico10","  0"
"878","MariaDesastrosa","  0"
"879","Valenf09","  0"
"880","jeanEmmanuel90","  0"
"881","Kennie2683","  0"
"882","GrediaGR","  0"
"883","Auwlyee","  0"
"884","SuhAliendres","  0"
"885","lauravnarvaez","  0"
"886","Yorgeiris","  0"
"887","ShaunnyS24","  0"
"888","JooseUrbaneja","  0"
"889","RafelHidalgo","  0"
"890","Yedau21","  0"
"891","Yo_Soy_Mm","  0"
"892","PremMahase","  0"
"893","JoseSanchez_03","  0"
"894","JoseF1410","  0"
"895","Miguepg","  0"
"896","KrlosEspinozaF","  0"
"897","ConnieTLence","  0"
"898","fillo_jose","  0"
"899","Orix_tkd","  0"
"900","Adolfocanizares","  0"
"901","RojasJavierE","  0"
"902","joimarylin","  0"
"903","csarjosue","  0"
"904","RosemaryRojas","  0"
"905","MersyG","  0"
"906","DanEstadoPlay","  0"
"907","EdgardoBrti","  0"
"908","Caolo22","  0"
"909","diobermudez","  0"
"910","NatiShauling","  0"
"911","vinchofireman","  0"
"912","InvocoBalter","  0"
"913","DanielaVSalazar","  0"
"914","irenevmr","  0"
"915","jgg2001","  0"
"916","LesbianaFemme","  0"
"917","mconsuelonunezc","  0"
"918","eduardo11791","  0"
"919","mvirginiamedina","  0"
"920","argenisrosillo","  0"
"921","vtoita","  0"
"922","danielarattia11","  0"
"923","fabisfg_21","  0"
"924","Roci_ito","  0"
"925","la_saeta","  0"
"926","dgelef","  0"
"927","alx_Iluminatys","  0"
"928","JesusPaoliniS","  0"
"929","aeneagimon","  0"
"930","MerlynG16","  0"
"931","Marialetes","  0"
"932","TeresaMataT","  0"
"933","JennF08","  0"
"934","jesusaro19","  0"
"935","LeriiaP","  0"
"936","wiliamsequeira","  0"
"937","ihle1972","  0"
"938","johannaDvhadid","  0"
"939","norelikav","  0"
"940","nunezcamilo","  0"
"941","locontrariotodo","  0"
"942","Orlandmoreno","  0"
"943","DanielBaterista","  0"
"944","JorgeLMarquez","  0"
"945","itahisamartin","  0"
"946","SweetyPadron","  0"
"947","IdrogoMiguel","  0"
"948","patriciamiguelj","  0"
"949","Cheomat48","  0"
"950","RicardoArtiles","  0"
"951","tonydifa","  0"
"952","jeisapiamo_","  0"
"953","petridgu","  0"
"954","MJENI27","  0"
"955","dulceacidovp","  0"
"956","butchern94","  0"
"957","angelicaamadop","  0"
"958","ALMB4Life","  0"
"959","manuelsantanam","  0"
"960","Alejandra1973","  0"
"961","luiserpi","  0"
"962","MalbyJ","  0"
"963","dargysmoreira","  0"
"964","RobertoP11","  0"
"965","MA_PA_NA_RE","  0"
"966","carlos3185","  0"
"967","Bernardo809","  0"
"968","connatbeer","  0"
"969","LoloOlaR","  0"
"970","TiinaFerrer","  0"
"971","DoriKar","  0"
"972","Derechisima","  0"
"973","riaoyanedel","  0"
"974","Dona_Bar_bara","  0"
"975","jedomm","  0"
"977","calogero46","  0"
"978","SOLE_ALVAREZ","  0"
"979","arturoalejand19","  0"
"980","Danielinho24","  0"
"981","RJMonteroR","  0"
"982","panchorojasm17","  0"
"983","misspupe28","  0"
"984","b_runo2011","  0"
"985","taniamarquezk","  0"
"986","fernanda_varas","  0"
"987","DaniiVondy","  0"
"988","TiansCardenas","  0"
"989","PauloJavier_","  0"
"990","lreyesu","  0"
"991","Puuli_zamora","  0"
"992","Cristian_Nro7","  0"
"993","JMolinaPelayo","  0"
"994","Angelon19","  0"
"995","Barbara__2808","  0"
"996","ConiGohi","  0"
"997","Arrepoll","  0"
"998","Josefa_VenegasM","  0"
"999","javiera_arce","  0"
"1000","NataGon_C","  0"
"1001","javibarrueto","  0"
"1002","MarcoLisperger","  0"
"1003","controldepatio","  0"
"1004","FranciscaVelizb","  0"
"1005","MARYMORALAZ","  0"
"1006","leslymuena","  0"
"1007","Jovaanni","  0"
"1008","juan1974","  0"
"1009","nanysaez","  0"
"1010","jmcazcarrac","  0"
"1011","eduhalde","  0"
"1012","afreclub","  0"
"1013","TamaraAndrea_","  0"
"1014","Vegeta_Lx","  0"
"1015","cogodoy","  0"
"1016","fcofuenzalidaa","  0"
"1017","Vaniaholly","  0"
"1018","Hellenziitha","  0"
"1019","POLECHITA","  0"
"1020","Nanditamc","  0"
"1021","angemalbrich","  0"
"1022","davidxitogomez","  0"
"1023","barbielaisasdas","  0"
"1024","tamaragonzale24","  0"
"1025","paulinaperezv","  0"
"1026","Laura_Riesco09","  0"
"1027","cbaaaaaaa","  0"
"1028","marcelogb29","  0"
"1029","BelenMejiasT","  0"
"1030","charleta010","  0"
"1031","Daisyta14","  0"
"1032","dd_ema","  0"
"1033","Karolag30","  0"
"1034","kikayfelipe","  0"
"1035","YocelinAndreaa","  0"
"1036","likatoga","  0"
"1037","noeliapessoa90","  0"
"1038","AndreaMedinaS","  0"
"1039","Javielex_3","  0"
"1040","luisgerardojb","  0"
"1041","cl_nez","  0"
"1042","EduardoOlivera_","  0"
"1043","dianacrdnas","  0"
"1044","jessicaperezv","  0"
"1045","KeniaAndres1","  0"
"1046","AbadDani","  0"
"1047","isabelarizamoya","  0"
"1048","ervargas13","  0"
"1049","jhuichao","  0"
"1050","evehevia","  0"
"1051","Stephanye_M","  0"
"1052","melisaQuintana1","  0"
"1053","morganazurda","  0"
"1054","MarinaVeryCrazy","  0"
"1055","JessGuerrero55","  0"
"1056","czromerob","  0"
"1057","Albertikolimont","  0"
"1058","quepenaconusted","  0"
"1059","Sparda_","  0"
"1060","akiamoro","  0"
"1061","RomuloGuardia","  0"
"1062","Manueleduardof","  0"
"1063","MMMChile","  0"
"1064","marcelobeltrand","  0"
"1065","LanitaPresley","  0"
"1066","MonicaWehrhahn","  0"
"1069","BPulidoSalinas","  0"
"1070","Hadrianus_63","  0"
"1071","VictorGodoyZ","  0"
"1072","CBarrosCastelbl","  0"
"1073","isma_comi","  0"
"1074","mapc","  0"
"1075","bostelmannz","  0"
"1077","Milodon","  0"
"1078","alfonsopv","  0"
"1079","Cconmemoria","  0"
"1080","andreachadwick","  0"
"1081","PATRICIOSPINOZA","  0"
"1082","MValero2011","  0"
"1083","R_Montero_R","  0"
"1084","_Luzanto","  0"
"1085","acugalde","  0"
"1086","marjoriecuello","  0"
"1087","marialuzz","  0"
"1088","No_a_Pinera","  0"
"1089","daviduardo","  0"
"1090","mauro28tolo","  0"
"1091","LoreBlueBlue","  0"
"1092","carlossubiabre","  0"
"1093","amarielgg","  0"
"1094","EdChamorro","  0"
"1095","pachypazale","  0"
"1096","vero_fuenzalida","  0"
"1097","eduardosdub","  0"
"1098","ramonchavezu","  0"
"1099","ulriksen_r","  0"
"1100","ramvaca","  0"
"1101","_MariaJoseS_","  0"
"1102","LaMujerDormida","  0"
"1103","andreiii","  0"
"1104","Danaeant","  0"
"1105","nacho_oliva","  0"
"1106","abogLEH","  0"
"1107","ObedRojas","  0"
"1108","RL_Hdz","  0"
"1109","vargasfalcon","  0"
"1110","AllyPeppe","  0"
"1111","thaised43","  0"
"1112","edocarv","  0"
"1113","hatilloesporti","  0"
"1114","Sofiantonietti","  0"
"1115","pauolve","  0"
"1116","Gonhaloo","  0"
"1117","patriaosaqueo","  0"
"1118","Aleemanzaneroo","  0"
"1119","joyystick","  0"
"1120","Tomm_ing","  0"
"1121","TlatelolcoTV","  0"
"1122","VelizAni","  0"
"1123","valle_romero","  0"
"1124","fmanrd","  0"
"1125","palomisvk","  0"
"1126","Patriciukita","  0"
"1127","Dani_ArtUp","  0"
"1128","AstridAular","  0"
"1129","RocioDanielacp","  0"
"1130","kabarsoa","  0"
"1131","valenzuela340","  0"
"1132","panaderia88","  0"
"1133","Dr_Mouse_","  0"
"1134","guenumans","  0"
"1135","Patty_MunozU","  0"
"1136","cycontreras","  0"
"1137","SrArancibia","  0"
"1138","jacamato","  0"
"1139","felipebesoain","  0"
"1140","Ay_Fernanda","  0"
"1141","toronjin","  0"
"1142","Carlossassarini","  0"
"1143","SergioTorresS","  0"
"1144","sanromantoco","  0"
"1146","Kath_Flores","  0"
"1148","dbustosp","  0"
"1149","DaniCalfiqueo","  0"
"1150","Milton_Edwards","  0"
"1151","Cesar_Frias","  0"
"1152","Matabenitez","  0"
"1153","vita_martinez","  0"
"1154","ErvinCastillo","  0"
"1156","Politap","  0"
"1158","gpecori","  0"
"1159","omarein","  0"
"1160","velavainilla","  0"
"1161","CarlosAntonioRV","  0"
"1162","SonniaNavarro","  0"
"1163","Jesudi","  0"
"1164","ylaotramitad","  0"
"1165","BeinCil","  0"
"1166","pabl085","  0"
"1168","kakipili","  0"
"1169","weonsupertela","  0"
"1170","Tamalda","  0"
"1171","Rodgardo","  0"
"1173","Diegorams_","  0"
"1174","kokerocket","  0"
"1175","Cristianoles","  0"
"1176","odontoknll","  0"
"1177","Movilizados2011","  0"
"1178","sebavera","  0"
"1179","Kottecilla","  0"
"1180","Srta_Mendoza","  0"
"1181","MiguelUrzua","  0"
"1182","chileducaccion","  0"
"1183","fabianmcd","  0"
"1184","danisoup","  0"
"1185","Ellen_007","  0"
"1186","zuargo","  0"
"1187","B_Ulloa","  0"
"1188","janogazmuri","  0"
"1189","monicaperezr","  0"
"1190","SamirJorge","  0"
"1191","polosaavedra","  0"
"1192","miciudadela","  0"
"1193","Jatropho","  0"
"1194","ftorralbo","  0"
"1195","jparedesgodoy","  0"
"1196","green_disease","  0"
"1198","pahumadaf","  0"
"1199","Catalafa","  0"
"1200","FranciscoSainz","  0"
"1201","Leviathan_quinn","  0"
"1202","Superchango451","  0"
"1203","fpipe87","  0"
"1204","Clara_Bella_","  0"
"1205","CarlosAlbistur","  0"
"1206","MarabbuSan","  0"
"1207","nataly_asher","  0"
"1208","LAburtoBorquez","  0"
"1209","cosmos212","  0"
"1210","HAndresG","  0"
"1211","Nicozapata","  0"
"1212","Panshopero","  0"
"1213","danii_ponce","  0"
"1214","Kiko_Baeza","  0"
"1215","djlitox2011","  0"
"1216","CCauqueninoCom","  0"
"1217","PolaGS","  0"
"1218","chiquitita132","  0"
"1219","Poleeeette","  0"
"1220","GonzaloCelis","  0"
"1221","laly_quezada","  0"
"1222","MovilizadosUBB","  0"
"1223","Mirsalis","  0"
"1224","TeEstanCagando","  0"
"1225","pazvictoriacl","  0"
"1226","rodcienfuegos","  0"
"1227","RicardoChiquito","  0"
"1228","danialeguzman","  0"
"1229","quenoteimporte","  0"
"1231","amarantapaz","  0"
"1232","LaChau","  0"
"1233","randreszurita","  0"
"1234","SalvadorMunozk","  0"
"1235","DanielaDurazno","  0"
"1236","HippieChaotique","  0"
"1237","esmicopiloto","  0"
"1238","paulijimenez","  0"
"1239","ObservaReconstr","  0"
"1240","patagoniarebel","  0"
"1242","baeza_a_rayas","  0"
"1243","DaniBalboaR","  0"
"1244","Feuc","  0"
"1246","CACCUC","  0"
"1247","camilovillagran","  0"
"1248","cpulgarpinaud","  0"
"1249","orz2009","  0"
"1250","gabrielcruzfer","  0"
"1252","CinergiaStudio","  0"
"1253","primario8","  0"
"1256","vargsvillalobos","  0"
"1257","audelino","  0"
"1258","PatroniCarla","  0"
"1259","abner1202","  0"
"1260","poetacardenal","  0"
"1261","BenjaMunoz","  0"
"1262","aldo_marin","  0"
"1263","Maquiits","  0"
"1264","EseTalTino","  0"
"1265","ximvenegasc","  0"
"1266","albertony55","  0"
"1267","ProtestaSiglo21","  0"
"1268","Alerce","  0"
"1269","pedrodvaldivia","  0"
"1270","paz_correa","  0"
"1271","MSD11OS","  0"
"1272","nico_farfan","  0"
"1273","milo86U","  0"
"1274","TORRENTE1950","  0"
"1275","danibricenor","  0"
"1276","MarySoleei","  0"
"1277","Fportillac","  0"
"1278","CuevasNicole","  0"
"1279","SharonEstrada","  0"
"1280","Franchinininini","  0"
"1281","PolaAmapola","  0"
"1282","matifigue","  0"
"1283","JavivelasquezZ","  0"
"1284","maria_josecc","  0"
"1285","Ale_JimenezH","  0"
"1286","caro_espina","  0"
"1287","misabel19","  0"
"1288","coniespinozav","  0"
"1289","ConceTV","  0"
"1290","pepitaopazo","  0"
"1291","FreddyFuentesM","  0"
"1292","vgtariana","  0"
"1293","emiefs","  0"
"1294","estebanibarral","  0"
"1295","fleivasolis","  0"
"1296","cgp21","  0"
"1297","danicagoles","  0"
"1298","sondecalle","  0"
"1299","giorgiozunino","  0"
"1300","claudiomunozr","  0"
"1303","tolihernndez","  0"
"1305","Solopafastidiar","  0"
"1306","CaSStigodeDios","  0"
"1307","andrea_thno","  0"
"1308","Raldoph","  0"
"1309","ValePetersen","  0"
"1310","Omayra_Chr","  0"
"1311","JoseMManuel","  0"
"1313","papeldelija","  0"
"1314","RamosProvidel","  0"
"1315","cata_gaete_a","  0"
"1317","joaquintero","  0"
"1318","IndignadosChile","  0"
"1319","zorrotapatio","  0"
"1320","Lavozdisidente","  0"
"1321","equinoccial","  0"
"1322","pjantofagasta","  0"
"1323","zvonimirvitalic","  0"
"1324","k0oke","  0"
"1325","mariztia","  0"
"1326","paulipau_","  0"
"1327","cristianvenegas","  0"
"1328","laradioneta","  0"
"1329","clacare","  0"
"1330","pineramiente","  0"
"1331","LazoCeleste","  0"
"1332","FelipeMosqueira","  0"
"1333","MHRays","  0"
"1334","jacque_valpo","  0"
"1335","fakeuniverse","  0"
"1336","katiuskq","  0"
"1337","blitox","  0"
"1338","hitourbano","  0"
"1339","JuanitoCAT","  0"
"1340","nat4niel","  0"
"1341","_DanielaTorres_","  0"
"1342","xhellokim","  0"
"1343","Carolina_silvav","  0"
"1344","lolybg","  0"
"1346","marioasis","  0"
"1347","msiomara","  0"
"1348","Cocodrilopinant","  0"
"1349","geobeto","  0"
"1350","hellovinadelmar","  0"
"1351","felipeherrerah","  0"
"1353","MrGamerJimenez","  0"
"1354","malaimagen","  0"
"1355","isma_d","  0"
"1356","PaolaAraneda","  0"
"1357","kike_toro","  0"
"1358","marionavas","  0"
"1359","realmente_no_se","  0"
"1360","ClauNoEsta","  0"
"1361","Ric_Higuera","  0"
"1363","rodo_17","  0"
"1364","nofratos","  0"
"1365","FernandaPazMJ","  0"
"1366","venegastraverso","  0"
"1367","nicohlica","  0"
"1368","MaxiMisa","  0"
"1369","economiacritica","  0"
"1370","Contimasque","  0"
"1371","Jimmy_Cortes","  0"
"1372","pilarsotomayor","  0"
"1373","pablogado","  0"
"1374","Sep_Fosforo","  0"
"1375","zendKommissar","  0"
"1376","juanbouza","  0"
"1377","JE_Delgado","  0"
"1378","joycealguerno","  0"
"1379","canuo","  0"
"1380","kari0304","  0"
"1381","Caamhii","  0"
"1382","dgnrescence","  0"
"1383","YeahAle","  0"
"1384","rosavalenzuela","  0"
"1385","EvFritz","  0"
"1386","carlosampuero","  0"
"1387","ketamaria","  0"
"1388","rootbear67","  0"
"1389","kapitanademar","  0"
"1391","awuedynx","  0"
"1392","BrayanRodRiv","  0"
"1393","PatoRuizz","  0"
"1394","umatana","  0"
"1395","AshtrayHeartUK","  0"
"1398","ladott","  0"
"1399","jannethvm","  0"
"1400","MagdiRomero","  0"
"1401","inutilsubverso","  0"
"1402","Patofuqs","  0"
"1403","Googlerillo","  0"
"1404","Claudiolomp","  0"
"1405","Patitocorces","  0"
"1406","Camy_Anto","  0"
"1407","SshantalGimenez","  0"
"1408","ANDRESVIALP","  0"
"1409","pipeanabalon","  0"
"1410","josepepediaz","  0"
"1411","Jaramilla_","  0"
"1413","Memoscopia","  0"
"1414","onatemorales","  0"
"1416","alvychrist","  0"
"1417","palolainrainbow","  0"
"1418","andres_vilca","  0"
"1419","hernan0ctavio","  0"
"1420","nachocid","  0"
"1421","raulosorioh","  0"
"1422","FresiaLPR","  0"
"1423","txokopirata","  0"
"1424","EstxChile","  0"
"1425","melcv10","  0"
"1426","Amparo_Bravo","  0"
"1427","MonoSINnavaja","  0"
"1428","Lucas_Veg","  0"
"1429","palolarrain","  0"
"1430","alvarorivasMD","  0"
"1431","TheMisterVIP","  0"
"1432","Izquierda_Tuit","  0"
"1433","diegonzal","  0"
"1434","suuch","  0"
"1435","Rominola","  0"
"1436","camilo___","  0"
"1437","daniel_tito89","  0"
"1438","victorvega92","  0"
"1439","ErnestoRS","  0"
"1440","julioriobueno","  0"
"1441","javiercarden","  0"
"1442","mrodriguezp","  0"
"1443","Lore_Aqueveque","  0"
"1444","mvictoriac","  0"
"1445","FcoChavez","  0"
"1446","sandrita_munoz","  0"
"1447","Servalen","  0"
"1449","EntreRender","  0"
"1450","Juanfranciscoo","  0"
"1451","Davidkbza666","  0"
"1452","Cacerolachilena","  0"
"1453","Josnick","  0"
"1454","claudiox001","  0"
"1455","yockox","  0"
"1456","rodrigoromo","  0"
"1457","sonnianavarro","  0"
"1458","egarridos","  0"
"1460","Caro_Zelaya","  0"
"1461","victorpasten","  0"
"1462","PiliPardoM","  0"
"1463","mariahurtadoi","  0"
"1464","pablo_araya_f","  0"
"1465","Grez_n","  0"
"1466","rodrigeo","  0"
"1467","maulen_ale","  0"
"1468","ctapiach","  0"
"1469","Claudiaustral","  0"
"1470","juano_tobar","  0"
"1471","monoprimaso","  0"
"1472","elyprieto","  0"
"1473","franvg","  0"
"1474","esisla","  0"
"1475","samamapech","  0"
"1476","molotov1000","  0"
"1477","CamiSalazar___","  0"
"1478","epix74","  0"
"1479","EnfermeriaSomos","  0"
"1480","klaimmore","  0"
"1482","jacqueline665","  0"
"1484","guilleditor","  0"
"1485","AYunisG","  0"
"1486","paolaespinosa32","  0"
"1487","AlejandroPuerta","  0"
"1489","EmOtIoNaL_LaKe","  0"
"1490","Natu_Francisca","  0"
"1491","sotomayorap","  0"
"1492","MJ_Castro","  0"
"1493","Lady_Astartea","  0"
"1494","Shopits","  0"
"1495","Aaeero","  0"
"1496","kawesqar_","  0"
"1497","bedemoon","  0"
"1498","eugenioquintana","  0"
"1499","ju_sandoval","  0"
"1500","inpolitic","  0"
"1501","manuelojimenez","  0"
"1502","DalkiFer","  0"
"1503","VichyKowalski","  0"
"1504","_MariapazOrtiz","  0"
"1505","csanhuezac","  0"
"1506","msdark","  0"
"1507","kmy16","  0"
"1509","MrMufin","  0"
"1510","IcedBlue_","  0"
"1511","ValeriaOrtizp","  0"
"1512","tarrodesalmon","  0"
"1513","kenaes","  0"
"1514","alainhermosilla","  0"
"1515","lacorna_","  0"
"1516","felixsincolor","  0"
"1517","Dvais1","  0"
"1518","UtopikoBeats","  0"
"1519","jorgee_ignacio","  0"
"1520","Shubydubi","  0"
"1521","ccandanga13","  0"
"1522","Crist0bal","  0"
"1523","cesar_quezada","  0"
"1524","gory_dg","  0"
"1525","mariagurto","  0"
"1526","Sicoticox","  0"
"1527","cgonzalezja","  0"
"1528","mgoyenechea","  0"
"1529","akiReRRC","  0"
"1530","irenerd","  0"
"1531","Jorhe_","  0"
"1532","fonchicl","  0"
"1533","EnzoMorales","  0"
"1534","claudiobustios","  0"
"1535","krlos_Asencio","  0"
"1536","Andreamenita","  0"
"1537","rortizaliaga","  0"
"1538","Danydiazb","  0"
"1539","jvarasconcejal","  0"
"1540","_Leonor","  0"
"1541","alkasander","  0"
"1542","TurroValenzuela","  0"
"1543","fogrodnik","  0"
"1544","maxstange","  0"
"1545","yoaveces","  0"
"1546","josefuentesm","  0"
"1547","Bickaasdf","  0"
"1548","vanedaniella","  0"
"1550","Epulewfu","  0"
"1551","Alhfreddo","  0"
"1552","Rauliciuss","  0"
"1553","SebastianLaraA","  0"
"1554","ciudadaniachile","  0"
"1555","ConejerosPau","  0"
"1556","hhtorresc","  0"
"1557","BRAVO_CLAUDIA","  0"
"1558","pandorolof","  0"
"1559","rodolfoscann","  0"
"1560","antonellapps","  0"
"1561","CarlosRuin","  0"
"1562","agaetiisbyrjun","  0"
"1563","Mellyrulisgirl","  0"
"1564","pameladrm","  0"
"1566","Naiitta","  0"
"1567","AMAG2010","  0"
"1568","Periodistaserio","  0"
"1569","RobertoVasquezT","  0"
"1570","AncaMatioc","  0"
"1571","Petro_Hippie","  0"
"1572","juansambu","  0"
"1573","MafaldaQuotes","  0"
"1574","mwoltern","  0"
"1575","cgallardot","  0"
"1576","CaroARiveraM","  0"
"1577","Deivicho","  0"
"1578","andresin","  0"
"1579","claudioperezcor","  0"
"1580","Manizuca","  0"
"1581","mzmatnet","  0"
"1582","Karlithaaax","  0"
"1583","NatytaDiazM","  0"
"1584","juan_alarcon_","  0"
"1585","orozkista","  0"
"1586","CamiPazCyrus","  0"
"1587","Piaaaaa_M","  0"
"1588","mat1as_Arr1aza","  0"
"1589","ContextoSec","  0"
"1590","pinavelasquez","  0"
"1591","Murielcilla_l","  0"
"1592","_nataliamoreno","  0"
"1593","jsalasastrain","  0"
"1594","Voces_Amarillas","  0"
"1595","Patagon_Herido","  0"
"1596","Vidax99","  0"
"1597","Edu_Gatica","  0"
"1598","Erikkissima","  0"
"1599","aailatan","  0"
"1600","JennyMoraR","  0"
"1601","vivi_sg","  0"
"1602","paulps9","  0"
"1603","elintrusosalva","  0"
"1604","zarriquique","  0"
"1605","rndzvs","  0"
"1606","DJacobPozo","  0"
"1607","natirebolledoad","  0"
"1608","valeriapanchana","  0"
"1609","YoCastros","  0"
"1610","Abarooa","  0"
"1611","Deskoneer","  0"
"1612","anyita_23","  0"
"1613","GerytaMolina","  0"
"1614","SBurckhard","  0"
"1615","BlenNotaSuelta","  0"
"1616","barhyo","  0"
"1617","K3Exe","  0"
"1618","felipe_elgueta","  0"
"1619","jemilioq_scl","  0"
"1620","Chaly2000","  0"
"1621","BenjaHodges","  0"
"1622","rleeser","  0"
"1623","Oscar_Rideau","  0"
"1624","mfaunea","  0"
"1625","SweetKentucky","  0"
"1626","DenisePaolaZiga","  0"
"1627","sebastianonate","  0"
"1628","oscaarandres","  0"
"1629","darioecm","  0"
"1630","p_fernandezch","  0"
"1631","pp__figueroa","  0"
"1633","Silviafabara","  0"
"1634","fhj_francisco","  0"
"1635","Ing_DanielSan","  0"
"1636","maribelconcha","  0"
"1637","NoXshout","  0"
"1639","Akundunz","  0"
"1640","Robmellado","  0"
"1641","Valecyta","  0"
"1642","katitho","  0"
"1643","Pancho_Seida","  0"
"1644","lesliesalinasr","  0"
"1646","Zurdaca","  0"
"1647","elcaradepoker","  0"
"1648","PlanetaEscorts","  0"
"1649","baciciaIde","  0"
"1650","bgodoyrodriguez","  0"
"1651","lorenzojavier7","  0"
"1652","Adolfozky","  0"
"1653","ManoloTapia","  0"
"1654","Fran_Durans","  0"
"1655","FinnSamsingA","  0"
"1656","K_ram_L","  0"
"1657","nataliaverabog","  0"
"1658","_Nikem","  0"
"1659","gildadroga","  0"
"1660","_jpi","  0"
"1661","mauricio4burto","  0"
"1662","Lduranp","  0"
"1663","DAPECOR","  0"
"1664","konixolivares","  0"
"1665","pjnv","  0"
"1666","mweissl","  0"
"1667","Patofloress","  0"
"1668","saynomore23","  0"
"1669","jpmi3","  0"
"1670","GandalfElBlanc0","  0"
"1671","pam_diaz","  0"
"1672","julianrubio5","  0"
"1673","Vikiborquez","  0"
"1674","Uni_Common","  0"
"1675","_hexagram_","  0"
"1676","FrauHihler","  0"
"1677","abelip","  0"
"1678","maka_alexandra","  0"
"1679","christian_arr","  0"
"1680","sanjuan22osorno","  0"
"1681","Juan_Arriaza","  0"
"1682","Marco_LeteK","  0"
"1683","lunademiiiel","  0"
"1684","maryposa_lf","  0"
"1685","lorenacarvajal","  0"
"1686","carolpohlhammer","  0"
"1687","erikaneeds","  0"
"1689","juanparamos","  0"
"1690","pacv101217","  0"
"1691","dannydelpiero","  0"
"1692","lea2481","  0"
"1693","AngelRuizBravo","  0"
"1694","_FryjethD","  0"
"1695","Melochinixxx","  0"
"1696","MatiMorrisons","  0"
"1697","in_slum","  0"
"1698","gaspar4334","  0"
"1699","alfredogahonad","  0"
"1700","echalemayo","  0"
"1701","Diego_CJara","  0"
"1702","Tatitooo","  0"
"1703","CmiGabriela","  0"
"1704","El_Hierofante","  0"
"1705","Pato_inzunza","  0"
"1706","simon_v16","  0"
"1707","camirojass","  0"
"1708","ferna_arq","  0"
"1709","panaseg","  0"
"1710","Pablopiolo","  0"
"1711","te_miro_gente","  0"
"1712","Caraja","  0"
"1713","CARLOURREA","  0"
"1714","angecav2","  0"
"1715","VDS_Animal","  0"
"1716","RoRroMusic","  0"
"1717","maca_benitez","  0"
"1719","MarioNebiolo","  0"
"1720","nikoDROID","  0"
"1721","dontriana","  0"
"1722","fidelrudolffi","  0"
"1723","vhmixj","  0"
"1724","fgomezrojas","  0"
"1725","jonssot","  0"
"1726","MandarinaFlower","  0"
"1727","elianita217","  0"
"1728","magico_ideal","  0"
"1729","Poder_Kiwi","  0"
"1730","Myanezb","  0"
"1731","jareliii_94","  0"
"1732","pipe_tatan","  0"
"1733","Lagos_M","  0"
"1734","bryanh2p","  0"
"1735","sermas_","  0"
"1736","TANACHILE","  0"
"1737","NICOMARTINEZ666","  0"
"1738","burbruja","  0"
"1739","NiCursiNiClasik","  0"
"1740","cris_manz","  0"
"1741","AndNegrete","  0"
"1742","jcferrada","  0"
"1743","FeershBP","  0"
"1744","jegimenezm","  0"
"1745","zanganahoy","  0"
"1746","SoydelaUsach","  0"
"1747","payo_son","  0"
"1748","manabalon","  0"
"1750","ladybitch2011","  0"
"1751","Marianapennab","  0"
"1752","kitanaqueen","  0"
"1753","cosentidoanimal","  0"
"1754","sebitaaaa","  0"
"1755","Joctool","  0"
"1756","RNuevoMundo","  0"
"1757","carrasconelly","  0"
"1758","GUATOMCRUISE","  0"
"1759","M_atiasTL","  0"
"1760","valealmuna","  0"
"1761","cami_riveram","  0"
"1762","lospataecumbia","  0"
"1763","CELPonline","  0"
"1764","PsMacarena","  0"
"1765","meugeahu","  0"
"1766","solodemocratas","  0"
"1767","pameyvictoria","  0"
"1768","dulcecote","  0"
"1769","Feelipejc","  0"
"1770","geliitah","  0"
"1771","an6r3i7a","  0"
"1772","Mauri_go","  0"
"1773","Namastev","  0"
"1774","GabyisMusic","  0"
"1776","gonzalofiguero","  0"
"1777","NickyGrasso","  0"
"1778","trolky","  0"
"1779","maldocris76","  0"
"1780","nuestrocobre","  0"
"1781","Jorxelcanalla","  0"
"1782","dduransandoval","  0"
"1783","JuliaLulu1391","  0"
"1784","pintorgnaranjo","  0"
"1785","Tefy_Oteiza","  0"
"1786","manusandoval","  0"
"1788","maurobasti","  0"
"1789","jazzun","  0"
"1790","carteldebrecht","  0"
"1791","GUSBASUALTO","  0"
"1792","gasal","  0"
"1795","Pablo_Vanni","  0"
"1796","jaimeeriquec4","  0"
"1797","mafitas","  0"
"1799","iwgo","  0"
"1800","Kathishu","  0"
"1801","spammera66","  0"
"1802","rmasad","  0"
"1803","nila_petra","  0"
"1804","cruzalison","  0"
"1805","69bdiaz","  0"
"1806","joseluislef","  0"
"1807","CRISTIANCARO","  0"
"1808","copeticoto","  0"
"1809","fita_littrell","  0"
"1810","simplementekuky","  0"
"1811","jlbarril","  0"
"1812","cataagirl","  0"
"1813","PedroJDavis","  0"
"1814","Lore_Soleil","  0"
"1815","yoyigo07","  0"
"1816","claudianocte","  0"
"1817","Sanndy_Infante","  0"
"1818","nvaizquierda","  0"
"1819","VPozee","  0"
"1821","DrassTwo","  0"
"1822","Lha_Alii_7","  0"
"1823","ximevillag","  0"
"1824","rgsaez","  0"
"1826","migoalarcon","  0"
"1827","FZavalaJara","  0"
"1828","Francisca1010","  0"
"1829","gustavosilvalo","  0"
"1830","MaribelQR","  0"
"1831","StgDespierta","  0"
"1832","NatiCruzh","  0"
"1833","verde_olivo","  0"
"1834","ARMAKdeODELOT","  0"
"1835","dalin68","  0"
"1836","snowballspain","  0"
"1837","marta_si","  0"
"1838","realaidee","  0"
"1839","EducaLeon","  0"
"1840","Ramonsoft","  0"
"1841","Sonnia_Navarro","  0"
"1842","Camilein_b","  0"
"1843","Scrutinator","  0"
"1844","gransopi","  0"
"1845","tanzmax","  0"
"1846","NiKoTiNA_","  0"
"1847","FerchoMune","  0"
"1848","juanjosebolivia","  0"
"1849","faboacevedo","  0"
"1850","filosofo_21","  0"
"1851","MiguelArrieta","  0"
"1852","kkruberg","  0"
"1853","AntoninoRomero","  0"
"1854","alejo_krdn","  0"
"1855","FreddyMapura","  0"
"1856","TaTa_GoloSa","  0"
"1857","BryanAleksander","  0"
"1858","JenniferPedrazS","  0"
"1859","DBaez_M","  0"
"1860","andrees_feelipe","  0"
"1861","TenorSmich","  0"
"1862","_navaah","  0"
"1863","LapulentaNews","  0"
"1864","AndreCougar","  0"
"1865","Luzma_leon","  0"
"1866","el_BeTho","  0"
"1867","emilydcv","  0"
"1868","AndriusBric","  0"
"1869","AndreU_K","  0"
"1870","osmarsa","  0"
"1871","Gabyarellano484","  0"
"1872","Deguer90","  0"
"1873","marjusta","  0"
"1874","quintanadonoso","  0"
"1875","RoxanaAndrade4","  0"
"1876","alfonsogc","  0"
"1877","ninaortegan","  0"
"1878","OCEcolombia","  0"
"1879","anonimoconiglio","  0"
"1880","Miganyan","  0"
"1881","pablobravo65","  0"
"1882","Saveriomiseton","  0"
"1883","Enrique_Cadiz","  0"
"1884","FrancisParra","  0"
"1885","profitador","  0"
"1886","orlando_osorio_","  0"
"1887","lasmalvas","  0"
"1888","gdonoso","  0"
"1889","RodrigoUrzuaP","  0"
"1890","victoreyesg","  0"
"1891","Jorgeme26","  0"
"1892","manotaetoro","  0"
"1893","MagaMontano","  0"
"1895","EstudiantesVEN","  0"
"1896","Ksijai","  0"
"1897","Kev0405","  0"
"1898","Katona_Rojas","  0"
"1899","hermanriquez","  0"
"1901","Moniartista","  0"
"1902","Julieth_MC","  0"
"1903","AdolfoFloresP","  0"
"1904","LiCarvajal","  0"
"1905","perazagonzalez","  0"
"1907","BeylerTS","  0"
"1909","RafaelDavidLara","  0"
"1910","Kassitzel","  0"
"1911","anonimopablob","  0"
"1912","PedroMRodrig","  0"
"1913","gonzalovidalc","  0"
"1914","CEAC_UCAB","  0"
"1915","Josemmo","  0"
"1916","andrestopografo","  0"
"1917","mamasenred","  0"
"1918","MotherOftheLamb","  0"
"1919","SencatC","  0"
"1920","TheLegitMaria","  0"
"1922","stbn_neira","  0"
"1923","litree","  0"
"1924","lufarve","  0"
"1925","pedritochilenit","  0"
"1926","racamaul1","  0"
"1928","LaloGonzaalez","  0"
"1929","MarioNotario","  0"
"1931","infragon","  0"
"1933","elpueblo62","  0"
"1934","reporteya","  0"
"1935","juventudcopei","  0"
"1936","uneteucv","  0"
"1937","brchg","  0"
"1938","unexpo11","  0"
"1939","chanobello","  0"
"1940","Andres_Orduz","  0"
"1942","genesiscuevas","  0"
"1943","KAPPALFA","  0"
"1944","MTAguilarR","  0"
"1945","vickygarcia10","  0"
"1947","Tibisfly","  0"
"1948","MujerClara","  0"
"1949","abbott22","  0"
"1950","CEDUCAB","  0"
"1951","JesusGonzalezS","  0"
"1952","PaoBaute","  0"
"1953","bcgregor","  0"
"1954","JiobelMalave","  0"
"1955","francysnewman","  0"
"1956","piziparis","  0"
"1957","CarolinaMarinAD","  0"
"1958","Angel_mayi","  0"
"1959","WalterMoragaP","  0"
"1960","SebAstudillo","  0"
"1961","AnitaCisternas1","  0"
"1962","myriamsv","  0"
"1963","adritta_m","  0"
"1964","PrisonerOfIdeas","  0"
"1965","AlanGTaboada","  0"
"1966","pilarein","  0"
"1967","Horus_1986","  0"
"1968","aegisfer","  0"
"1969","pame_sepulveda","  0"
"1970","carlosv8gt","  0"
"1971","carlabaezao","  0"
"1972","Participa_2011","  0"
"1973","IAutonoma_Vald","  0"
"1974","jriffomendez","  0"
"1976","AFielbaum","  0"
"1978","elizecs","  0"
"1981","AnyiBoyer","  0"
"1982","xexaar","  0"
"1983","PatsyZamorano","  0"
"1984","GaboVzla","  0"
"1985","Nexyalee","  0"
"1986","BreizylTorres","  0"
"1987","Andre_Rosales","  0"
"1988","AlesGodoy12","  0"
"1989","MaryAzuaje","  0"
"1990","CristinaVega_5","  0"
"1991","samuel_c5","  0"
"1992","Fra_Hidalgo","  0"
"1993","DanielAllenPJ","  0"
"1994","LuciaPereez","  0"
"1995","nga2043","  0"
"1996","la_Fech","  0"
"1997","Barbarian182","  0"
"1998","CariAgro","  0"
"1999","Pau_M20","  0"
"2000","PauOnelove","  0"
"2001","mirtha_ms","  0"
"2002","telcompchile","  0"
"2003","Nico_Poblete","  0"
"2004","Mellamoricardo","  0"
"2005","Panxorf","  0"
"2006","pablonavegante","  0"
"2007","mindfreak_360","  0"
"2008","Boris_Gatica","  0"
"2009","ceciliamarticor","  0"
"2010","lechugacostina","  0"
"2011","alejandra_munoz","  0"
"2012","cortez_godoy","  0"
"2013","rodrigozur","  0"
"2014","Jchv08","  0"
"2015","Paralelosur","  0"
"2016","yoopino_dtodo","  0"
"2017","clauyara","  0"
"2018","diego_rojinegro","  0"
"2019","kevga21","  0"
"2020","paskuvan","  0"
"2021","ppconstituyente","  0"
"2022","Romy_Agredo","  0"
"2023","coniaburto","  0"
"2024","wgarciamachmar","  0"
"2025","carlosperezdu","  0"
"2026","NoamTitelman","  0"
"2027","Iskita","  0"
"2028","LauraExpsito1","  0"
"2030","CREUPCREUP","  0"
"2031","VieneMaria","  0"
"2032","SopranosProds","  0"
"2033","SopranosGroup","  0"
"2034","PanaVota","  0"
"2035","Litteratos","  0"
"2036","Elocuencias","  0"
"2037","susanalvarezf","  0"
"2038","lolaymar","  0"
"2039","Luijoalvarez","  0"
"2040","ceingucab","  0"
"2041","eduardo_8","  0"
"2042","natylg89","  0"
"2044","adrideolim","  0"
"2045","radicalyfeliz","  0"
"2046","AliGarGo","  0"
"2047","AntonioRonnie","  0"
"2048","jerry_12kaly","  0"
"2049","indignadachile","  0"
"2050","AndresEGT","  0"
"2052","richmerhi","  0"
"2053","paulocontrerasc","  0"
"2054","AlvaroDLS8","  0"
"2055","iRzlz","  0"
"2056","franrwaghorn","  0"
"2057","Raul_MGutierrez","  0"
"2058","alex09209","  0"
"2059","Gravenoagudo","  0"
"2060","trabubu","  0"
"2061","RorroLosAngeles","  0"
"2062","FredyRoversi","  0"
"2064","domingojimenezp","  0"
"2067","NoEndosable","  0"
"2071","soytuangelito","  0"
"2072","javi_tinto","  0"
"2073","domninam","  0"
"2074","rbustamante81","  0"
"2075","cabrerajaimee","  0"
"2076","longueirafacts","  0"
"2077","HMontesino","  0"
"2078","pato_ricardo","  0"
"2079","Sofia_Quaglia","  0"
"2081","NinejajaCG","  0"
"2082","luissilvafarias","  0"
"2083","Nicolashdering","  0"
"2084","JoseToledoB","  0"
"2085","Meli____Baez","  0"
"2087","FabU_94","  0"
"2088","millach","  0"
"2089","IsiLanzarini","  0"
"2090","RodriguezAaron","  0"
"2091","SANMANUELMELIP","  0"
"2092","liithoo_z","  0"
"2093","EduardoArcosA","  0"
"2094","gloriaaa_d1","  0"
"2095","DanielaLopezLv","  0"
"2096","ierrazuriz_","  0"
"2097","BrendaBriceno","  0"
"2098","PacoKulto","  0"
"2099","JaLiraMartinez","  0"
"2100","thealdor","  0"
"2101","sdeseba","  0"
"2102","veroarnado","  0"
"2103","CCazueli","  0"
"2104","mjekdahl","  0"
"2105","LaPintanaFeliz","  0"
"2106","pavlosky4","  0"
"2107","valentinaliraw","  0"
"2108","alejandrojara","  0"
"2109","citobaasch","  0"
"2111","Anitaa_GM","  0"
"2112","ConesChile","  0"
"2113","SebaSarfone","  0"
"2114","MontecinosDow54","  0"
"2115","araucaniacuenta","  0"
"2116","BaudelaireCalle","  0"
"2117","ignaciatati","  0"
"2118","VRivera_Vergara","  0"
"2119","maiteadelaida","  0"
"2120","soy_el_daniel","  0"
"2121","InitaDeb","  0"
"2122","tremeitor","  0"
"2123","EcolavadoChile","  0"
"2124","MarraquetaCafe","  0"
"2125","andres_barahona","  0"
"2126","CalorinaPaz","  0"
"2127","AntonellaS_","  0"
"2128","JersonValencia","  0"
"2129","RM2_75","  0"
"2130","alvaroleivas","  0"
"2131","Huasenjo","  0"
"2132","jmbelmar","  0"
"2133","alexmanosalva","  0"
"2134","sotin","  0"
"2135","fercesped","  0"
"2136","MiryamIrribarra","  0"
"2137","RomiCart","  0"
"2138","pacitavial","  0"
"2139","gumer10","  0"
"2140","cortesamaya","  0"
"2141","nmunozusm","  0"
"2142","Lexuss2012","  0"
"2143","PCU23","  0"
"2144","jalbtoni","  0"
"2145","CriandoCreando","  0"
"2146","ramiroerm","  0"
"2147","monicaosoriov","  0"
"2148","karigodoyfer","  0"
"2149","MASconcepcion","  0"
"2150","pauly_elc","  0"
"2151","karina_d_rengo","  0"
"2152","fresia_pb","  0"
"2153","ely_soto","  0"
"2154","alvarorro1","  0"
"2155","macavalladolid","  0"
"2156","hernanver","  0"
"2157","juanyhenriquez","  0"
"2158","cantoyubarta","  0"
"2159","SociedadChile","  0"
"2160","LaPanoptico","  0"
"2161","GNZCHL","  0"
"2162","Seoim77","  0"
"2163","Victoria_DHG","  0"
"2164","suifang","  0"
"2165","MarisolSepulved","  0"
"2166","albohemio","  0"
"2167","fabiperazita","  0"
"2168","AngieSNarvaez","  0"
"2169","max_rouge","  0"
"2170","Soplodepalabras","  0"
"2171","anticapi","  0"
"2172","DedosSangrantes","  0"
"2173","ErreGeSe","  0"
"2174","DaviidM93","  0"
"2175","les_cg","  0"
"2176","SrtaMarlo","  0"
"2177","JuventudGuzman","  0"
"2178","difundeme","  0"
"2179","_2D_","  0"
"2180","Cloquell1991","  0"
"2181","anaaa_rm","  0"
"2182","lliurefree","  0"
"2183","txonigorri","  0"
"2184","Pau_Beat","  0"
"2185","silenciame","  0"
"2186","laristroncy","  0"
"2188","naxohidalgo","  0"
"2189","maca_gp","  0"
"2190","alvaroconcha","  0"
"2191","lolobellios","  0"
"2192","Melissaleonc","  0"
"2193","GonzaloPD","  0"
"2194","DomiVJ","  0"
"2195","maurovalpo","  0"
"2196","Yaiiza19","  0"
"2197","Albertito_lolo","  0"
"2198","ManoloPoliche","  0"
"2199","micifuzza","  0"
"2200","MeryJaneRibon","  0"
"2201","DominguezOr","  0"
"2202","jcandianeira","  0"
"2203","DestinoArica","  0"
"2204","chiny1963","  0"
"2205","Eze_MartinezR","  0"
"2206","Loretoandrea_vp","  0"
"2207","Gabi_Alvarez","  0"
"2208","_leofreak","  0"
"2209","17Cota","  0"
"2210","Peopledancing","  0"
"2211","patriciazb","  0"
"2213","El_Pavlov","  0"
"2214","EliasNavarroL","  0"
"2216","_iPatryx","  0"
"2217","_Juanmica_","  0"
"2218","JovenesIURM","  0"
"2219","mariojr1992","  0"
"2220","SoyPublica","  0"
"2221","labrenca","  0"
"2222","SeanHughes5","  0"
"2223","I_love_peanuts","  0"
"2224","EstherCld","  0"
"2225","SalvaSalvilla","  0"
"2226","pilar180802","  0"
"2227","xarkito78","  0"
"2228","Ciencias_UZ","  0"
"2230","TwitdelMAE","  0"
"2231","AecpCadiz","  0"
"2232","rosa_rojita","  0"
"2233","Republica15M","  0"
"2234","assembleagroga","  0"
"2235","aljambrico","  0"
"2236","mariazcarate","  0"
"2237","alexandramarcha","  0"
"2238","Fido_Fitoo","  0"
"2239","CaroArcosJ","  0"
"2240","felipeosoriov","  0"
"2241","guillesaurio_","  0"
"2242","joha_carral","  0"
"2243","krinkristel","  0"
"2244","AngelicaMarinaM","  0"
"2245","MarioPlazaTapia","  0"
"2246","FUSERITO","  0"
"2247","Marinalopeez","  0"
"2248","NataLeyton","  0"
"2249","mariaportillo95","  0"
"2250","RafaCampanero","  0"
"2251","Birry95","  0"
"2252","cristina17696","  0"
"2253","Juandi_18","  0"
"2254","Mariagonz97","  0"
"2255","LuisaLirio12","  0"
"2256","RociojrVilla","  0"
"2257","TereAsekas","  0"
"2258","Lamaraaperlo","  0"
"2259","MadmanMawe","  0"
"2260","manuelromeroari","  0"
"2261","LauSaxofonAlto","  0"
"2262","lalomafuriosa","  0"
"2264","Manu_Migue","  0"
"2265","CandidatosValdi","  0"
"2266","totodrila","  0"
"2267","pvasquezq","  0"
"2268","trompaula","  0"
"2269","meryrockss","  0"
"2270","Juvenoide","  0"
"2271","sanmartinLF","  0"
"2273","pablo_fergui","  0"
"2274","Gamb1ter0","  0"
"2275","MrPauV","  0"
"2276","BirraMonkey","  0"
"2277","Andryups","  0"
"2278","puuxi","  0"
"2279","marcanyada","  0"
"2280","Motos_Feliz","  0"
"2281","soybube","  0"
"2282","mccortes95","  0"
"2283","gmobastias","  0"
"2284","LorenzaWenonda","  0"
"2285","Franjoes","  0"
"2286","UINFORMADO","  0"
"2287","PipexGonzalez","  0"
"2289","andre3_7","  0"
"2290","FuerzaJovenMon","  0"
"2291","Jacogori","  0"
"2293","Arq31","  0"
"2294","SinUnidadNoVoto","  0"
"2296","AnaMercedesDiaz","  0"
"2297","marcelo_henao","  0"
"2299","tanope","  0"
"2300","olivares_car","  0"
"2301","alf20860","  0"
"2302","ForoDemocrata","  0"
"2303","SONIAGUANIPAR","  0"
"2304","Maaleja2","  0"
"2305","resiste_vzla","  0"
"2306","solemugli","  0"
"2308","WernerGutierrez","  0"
"2309","fabricioTrech","  0"
"2310","VeroPMunoz","  0"
"2311","alscharff","  0"
"2313","AlbertMartinz","  0"
"2315","Pancholad","  0"
"2316","AmiMunozSuazo","  0"
"2317","Robinho_vld","  0"
"2318","KaremsGutierrz","  0"
"2319","miryamce","  0"
"2320","GobiernoUDD","  0"
"2321","Andrea_meme","  0"
"2322","Manu_Corleone","  0"
"2323","JulianRubioo","  0"
"2324","estudiantesd","  0"
"2325","B_andres_vb","  0"
"2326","rifod","  0"
"2327","MonaWhitee","  0"
"2328","BotNoticias","  0"
"2329","MyLorena16","  0"
"2330","AnonProfe","  0"
"2331","HaslerIglesias","  0"
"2332","meche_diaz510","  0"
"2333","efuentesg","  0"
"2335","HombredeRadio","  0"
"2336","Pavka_Michaud","  0"
"2337","NataMoms","  0"
"2338","tiagiova","  0"
"2339","Pointrocker","  0"
"2341","PinedoIgnacio","  0"
"2343","Kika_Millas","  0"
"2344","PauObreque","  0"
"2347","FR_GM","  0"
"2349","Alecareno","  0"
"2350","pedro__20","  0"
"2351","raymincilla","  0"
"2352","piolilla","  0"
"2353","CatalinaPerez","  0"
"2354","kris_prz","  0"
"2355","plasticsurg19","  0"
"2356","En_el_trono","  0"
"2357","REBEL_54","  0"
"2358","riquelme_pancho","  0"
"2360","koneko_3","  0"
"2361","Jazzpavez","  0"
"2362","milecaros","  0"
"2363","ChileReferente","  0"
"2364","isabelcmb","  0"
"2365","FabMaximil","  0"
"2366","aka_sark","  0"
"2367","Sebabz","  0"
"2369","elrepuertero","  0"
"2370","romi_fdez","  0"
"2371","Javier_Fdez","  0"
"2372","VaniaMatulic","  0"
"2373","Maca_Salazarh","  0"
"2374","Puchilla","  0"
"2377","michellebarbour","  0"
"2378","TuMedio","  0"
"2379","nicortes_","  0"
"2382","Giannina_M","  0"
"2383","Panchodlfloflis","  0"
"2385","Maurigalaz","  0"
"2386","johan007md","  0"
"2387","DiegoTroncoso","  0"
"2389","constanza_kosky","  0"
"2390","Pipe_Muoz","  0"
"2392","Diego__Ibanez","  0"
"2396","WillyGarciaM","  0"
"2397","claulmc","  0"
"2398","PaiitoRobayo","  0"
"2399","jecruzo","  0"
"2400","manzanosergio","  0"
"2401","Nic097","  0"
"2403","ASAristizabal","  0"
"2405","eacunab","  0"
"2406","anyelinarojas","  0"
"2407","fipebm","  0"
"2408","destinohatillo","  0"
"2409","veromerodiaz","  0"
"2410","TittoUnivalle","  0"
"2411","Hallowina94","  0"
"2412","iBernalMarin","  0"
"2413","jgreg91","  0"
"2414","lomismoquetu","  0"
"2415","UNeT9_CP","  0"
"2416","DCU2LUZ","  0"
"2418","feosluis","  0"
"2419","nhcarreras","  0"
"2420","MariannyVP","  0"
"2421","jguaido","  0"
"2422","ticorausseo","  0"
"2423","gabipuentem","  0"
"2424","DarkPGR","  0"
"2427","GaboConce","  0"
"2428","maurovicencio","  0"
"2429","Sandoval_Cristi","  0"
"2430","Conchuu","  0"
"2431","Panshu123","  0"
"2432","castillofp","  0"
"2433","luisvera","  0"
"2434","lowrydoren","  0"
"2436","MuiMona","  0"
"2437","Mariam_arroyo","  0"
"2438","somosvenezuela","  0"
"2439","dru_rosso","  0"
"2441","arigilioli","  0"
"2442","EstacionMapocho","  0"
"2443","bastantemuyloqa","  0"
"2444","RonnieGoEs","  0"
"2446","Arlenbarrera","  0"
"2447","carayatorres","  0"
"2448","novilic","  0"
"2449","PepeRaz","  0"
"2452","sschwerter","  0"
"2453","cotegonzalezv","  0"
"2454","OnadaExpansiva","  0"
"2455","pfloresortiz","  0"
"2456","loremu1","  0"
"2457","SurPatrimonial","  0"
"2458","elChipiron69","  0"
"2459","rodrigo_ogalde","  0"
"2460","Frank_pz","  0"
"2462","gloriaapii","  0"
"2463","marisa91","  0"
"2465","Littleminilili","  0"
"2467","titiLinacaro","  0"
