"","texts"
"4deagosto","deagosto hoy cacerolazo sólo chile democracia fondo plebiscitoahora giorgiojackson resuelve tocamos educación santiago día estudiantes represión jueves pacos estudiante estudiantazo deagosto cacerolazo chile derecho ahora represión estudiantes elquintopoder dictadura día hoy chilenos constitución violencia marcha gobierno pacíficamente apoyo video vamos deagosto carabinero hrs derecha quiere violentista ser arancel chile completo hacer barata debe detiene peligroso lacrimógena cristdiaz cacerolazos hace cacerolazo deagosto cacerolazo hoy gobierno estudiantes chile nueva estudiantil marcha protestas detenidos forma estudiante militaresalacalle represión gente gobernar paco educación ser chile estudiantes represión ciudadanooscar vivo gobierno deagosto personas piñera karenboisier educación chilenos piedras viendo mira apoyo http italia plaza mil deagosto cacerolazo chile mundial hoy educación twitter dia día nivel paz represión vamos temas estudiantes piñera figuran topic ñuñoa ver deagosto chile cacerolazo día ahora educación gobierno marcha vale lacrimógena curvaspoliticas militaresalacalle bomba lacrimógenas ver piñera lacrimogenas radio represión mundo deagosto estudiantes piñera chile cacerolazo educación día caer pinochet marcha cada chilenos gobierno dictadura mundo país puede mejor apoya hoy estudiantes cacerolazo chile marchas piñera policial gobierno fuerza estudiante temuco santiago atropellado dmanoucheri moneda plaza importante destrozos ustedes calle carro carabineros deagosto años mas foto niño detenido triste aprox vía via deagostocnn twitpic cacerolazo baradit represión httptwitpiccomzrsq manifestaciones vanessatr sebastianpinera"
"comisioneducacion","comisioneducacion comisióneducación canae comisióneducación comisioneducacion canae canae comisióneducación comisioneducacion comisióneducación comisioneducacion canae comisioneducacion canae comisióneducación comisioneducacion canae comisióneducación canae comisioneducacion comisióneducación comisióneducación comisioneducacion canae comisióneducación comisioneducacion canae comisioneducacion comisióneducación canae"
"CompendioCones","coneschile compendiocones difundir hoy propuestas ahora gobierno mañana presentaremos mineduc documento cones barros httptcotesnvkfh aún oficialmente todas difundiendo conferencia secundarios compendiocones chile movilizamos gob lea así demostrarle coneschile mañana beyer gobierno educación trabajo estudiantes secundarios fuerza cones aquí hará propuesta compendiocones secundarios propuestas demandas beyer coneschile borgoño hoy prensa mañana conferencia minutos educación personalmente lifeaschriss facultades colegios propuesta recibir cones coneschile compendiocones propuestas estudiantes secundarios trabajo educación demandas mañana cones aquí propuesta fuerza difundir gran mineduc hará hoy borgoño crissarabia compendiocones coneschile mañana hrs liceo hoy oficial presentar presentaremos facultades barros colegios borgoño lifeaschriss demandas oficialmente trabajo educación abarca movimiento httptcotesnvkfh vamos gente coneschile doc pregunte encuentre educación propuestas gobierno demandas beyer compendiocones difundiendo cones chile secundarios mañana compendio barros compendiocones conferencia mañana prensa coneschile barros borgoño hoy realizado aquí trabajo secundarios difundir presentar gran oficial cones hrs estudiantes mineduc compendiocones coneschile propuestas educación demandas hoy beyer borgoño educacion difundir barros difundiendo minutos hará oficialmente hrs httptcotesnvkfh estudiantes gobierno movimiento coneschile compendiocones estudiantes explicando borgoño educacion barros propuesta crissarabia propuestas cones leer colegios chile aún trabajo lifeaschriss facultades estudiantiles compendio compendiocones coneschile propuestas mañana estudiantes aún difundiendo todas fuerza mineduc explicando minutos compendio borgoño secundarios colegios propuesta movilizamos barros difundir"
"educacionpublicaahora","manifiesto firma educacionpublicaahora chile crees merece camilavallejo igual alumnos oportunidad escuelas selección expulsión merecen prácticas pública educación queremos httptco educacion educaciónpúblicaahora miles firme súmate karentvn todavía hacer queda quiere exijamos creo invito marcoporchile firmó giorgiojackson httptcoaubxuwr firmemos solución educacion quieren http sólo chile educacion lafundacionsol educ estudiantes parte leer firmando giorgiojackson aprendan fundamental diversidad respetar escuelas excelencia diferencia httptcorcxhmaza movilh calidad educacion educación gratuita segregación derecho social educaciónpublicaahora chilena solución dramática garantizar deber indignadoschile tener constitucional ser inclusiva escolar usted educaciónpúblicaahora educacion chile queremos necesita mwaissbluth mira mejor video columna httptcorpkbewx escuela excusas inclusivo manueeeel sino presupuesto mejorar momento educaciónpú firmas mil educacion necesitamos difunde parral reconstruccionliceoparral ahoraeducaciónpúblicaahora hoy día ciudadanos autoridades punto maule región llegar ayúdanos buenos mañana días educacion campaña chilenos ahora gracias apoyo acá puntos firmado acuerdo firmen feuc quieren jóvenes puede httptco mas matiasreeves buena unan educacionpublicaahora educacion firma aquí vía twibbon via ilustradores pon avatar firme cómo firmé excusas vamos feuc ahora mas campaña fondo firmar país educacion chile firma edu apoyemos twitter educativos proyectos responsable colegios debe bien httptcobaarxay intereses garantizar discriminen reinaldolope fin educación pública educacion rdemocratica fondo gmunozstuardo explicamos desfinanciada cómo httptcopianong lucro chile mira educacionpublicaahora educaciónpublicaahora apoyo ilustradores educaciónpúblicaahora presupuesto usted"
"EducaciónPúblicaGratuitaYDeCalidad","hoy descabellada exigencia educaciónpublicagratuitaydecalidad puñado marcharon miguelgaraym educaciónpúblicagratuitaydecalidad mil educacionpublicagratuitaydecalidad descabellada exigencia marcharon puñado educaciónpublicagratuitaydecalidad mil hoy miguelgaraym educaciónpúblicagratuitaydecalidad educacionpublicagratuitaydecalidad educaciónpublicagratuitaydecalidad educacionpublicagratuitaydecalidad miguelgaraym hoy marcharon mil educaciónpúblicagratuitaydecalidad exigencia puñado descabellada educaciónpúblicagratuitaydecalidad educaciónpublicagratuitaydecalidad miguelgaraym educacionpublicagratuitaydecalidad hoy descabellada mil marcharon exigencia puñado mil descabellada exigencia puñado educaciónpublicagratuitaydecalidad miguelgaraym hoy marcharon educaciónpúblicagratuitaydecalidad educacionpublicagratuitaydecalidad educaciónpublicagratuitaydecalidad educaciónpúblicagratuitaydecalidad mil marcharon puñado miguelgaraym descabellada hoy exigencia educacionpublicagratuitaydecalidad educaciónpúblicagratuitaydecalidad educaciónpublicagratuitaydecalidad miguelgaraym educacionpublicagratuitaydecalidad marcharon mil puñado hoy descabellada exigencia hoy miguelgaraym mil exigencia puñado educaciónpúblicagratuitaydecalidad marcharon descabellada educacionpublicagratuitaydecalidad educaciónpublicagratuitaydecalidad educaciónpúblicagratuitaydecalidad hoy educaciónpublicagratuitaydecalidad miguelgaraym educacionpublicagratuitaydecalidad puñado marcharon exigencia mil descabellada educaciónpúblicagratuitaydecalidad educacionpublicagratuitaydecalidad educaciónpublicagratuitaydecalidad hoy miguelgaraym mil marcharon descabellada puñado exigencia"
"FuerzaEstudiantes","fuerzaestudiantes chile estudiantes educación tomas calidad hexagram hoy estudiantiles izquierdatuit marchan pública gratuita gratis indignadoschile huelga hambre pacosculiaos centros fuerzaliceocervantes fuerzaestudiantes toma liceo estudiantes coneschile san cervantes suiza confederación educación miguel salas industrial fernando chile moisesparedesr izquierdatuit marcha mañana imposición cacerolazo fuerzaestudiantes yoapoyoalosestudiantes hrs agosto lafech hinzpeter fuerzaest mejor todas italia plaza mandó ganó montaje fuerzaestud plazaitaliastgo esquinas barrios micros lucha piñera asambleaconstituyente calle mariseka ver beyer vacuna cuartaurna deoctubre cabros ser movimientoestudiantil fuerzaestudiantes terminar educ plaza salida salga país fuerzaestudiantes estudiantes mas nunca fuerza hoy calles marcha izquierdatuit represión ahora país estudiantil movimiento sólo frannajoes educación gob plaza yomarchoel fuerzaestudiantes gobierno carabineros marcha colegios bien mas alcaldes mal habla estudiantes dentro parezca mone claro twitter movimiento hecho desalojos represión fuerzaestudiantes chile gabrielboric casa universidad estudiantes hectormorals central aprobación fuerzaestudi carreras quórum ratifica mejor centra alumnos educación piden chadwick desordenados fuerzaestudiantes vamos estudiantes educación secundarios izquierdatuit compañeros fuerzae hace hoy camilavallejo nacional voz empeño ponerle intiillimani van gente basta año fuerzaestudiantes estudiantes marcha hoy educación nacional quedamenos intiillimani carmela represión carvajal solo chile mayoría movimiento apoyo apoyando mañana así pacos fuerzaestudiantes yoapoyoalosestudiantes estudiantes fuerzachile ahora marchar educación clase apoye izquierdatuit pueblo intihistorico diegoureyes sala aprendiendo pacos yomarchoel fuerzamapuches fuerzasecundarios fuerzafreirina"
"Latinoamericaporlaeducacion","latinoaméricaporlaeducación marcha bolívar hoy latinoamericaporlaeducación viva plaza lucha estudiantil transmisión nacional latinoamericaporlaeducacion manecolombia directo popayán httptcojzevcj colombia marchar latinoamerica colombianos latinoamericaporlaeducacion educación latinoamericaporlaeducación mañana manecolombia estudiantes eltiempo marcha calles estudiantil hoy latinoamericanos derecho latinoaméricaporlaeducación marchar latinoamérica nov latinoamerica plaza calleoficial latinoamericaporlaeducacion latinoaméricaporlaeducación estudiantes manecolombia latinoamericaporlaeducación bogotá plaza noticiascaracol país marchan movilización colombianos marcha wallysocial educación estudiantil derecho marchas calles latinoamerica latinoaméricaporlaeducación manecolombia educación latinoamericaporlaeducacion bogotá colombia estudiantes hoy latinoamericaporlaeducación twitter continental calles calidad bolívar eltiempo gran algotipico transmisión jornada marchando marcha latinoaméricaporlaeducación lucha mañana estudiantes camina américa chile hoy latina latinoamerica latinoamericaporlaeducacion latinoamericaporlaeducación colombianos educacion gran calle httptcoqasuyidt unicauca pueblo latinoaméricaporlaeducación continental usar jornada seguir etiqueta informar invitamos estudiantes latinoamericaporlaeducacion manecolombia vía latinoamericaporlaeducacionnov marcha wallysocial plaza video calles colombia latinoamericaporlaeducación latinoaméricaporlaeducación latinoamericaporlaeducacion manecolombia estudiantes marcha educación calleoficial chile indignateco latinoamericaporlaeducación nov plaza marchar estudiantil marchas eltiempo marchando mañana live ocecolombia educación colombia calidad latinoaméricaporlaeducación gratuita marcha chile estudiantes pública mas latinoamericaporlaeducacion colombianos continente eltiempo estudiantil transmisión lucha anonymousco calleoficial indignateco latinoamericaporlaeducacion marcha latinoamericaporlaeducación mañana vamos hoy estudiantes calles latinoaméricaporlaeducación plaza jorge colombia derecho httptcocsgpnipb toda calle velosa educación doctorkrapula izquierdatuit latinoaméricaporlaeducación indignateco latinoamericaporlaeducacion educación marcha live manecolombia anonymousco unicauca plaza bogotá vivo algotipico httptcoqasuyidt estudiantil estudiantes pueblo latinoamericaporlaeducación mañana latina"
"marchadelosparaguas","marchadelosparaguas llueva pueblo marchan levanta piñera cueva seba migd moneda estudiantes hoy eduarriagadal azzafran marchade diario portada camilavallejo lluvia alemán marchadelosparaguas educación marcha estudiantes hoy chile deagosto miles lluvia gobierno ohiggins parque sentidoscomunes mejor piñera hace chilenos tvsenado cabros lucro marchadelosparaguas estudiantes paraguas puede fuerza domingo educación marcha convicción seguimos verde llover pacoinfiltrado nevar llevaba patopimienta descubren vez elquintopoder ver marchadelosparaguas carabineros estudiantes intiillimani marcha chile hoy clases igual encapuchados siguen dando controlar grupo gran mejor gracias viene logran loco marchadelosparaguas ahora agua dice marchaestudiantil tvnmauricio lienzo multiplicamos gremlins estudiantes lluvia nieve mejor educación hoy gobierno encapuchados mañana vez marcha marchadelosparaguas estudiantes encapuchados lluvia educación paraguas soumastre mil personas felix shosho javierasuarez deagosto elquintopoder ver vivo gobierno marcha piñera vamos marchadelosparaguas lluvia hoy marcha estudiantil deagosto movimiento live chile horastvn vivo termina humano mil marchantes escudo frío personas contuvieron encapuchados marchadelosparaguas encapuchados día estudiantes pega giorgiojackson marchadelospar hicieron último dormir nota lluvia apoderados marcha trabajadores alta nieve video live bajo marchadelosparaguas nieve publimetrochile chile santiago desmanes cadena live estudiantes humana lluvia hoy vallejo gran camila foto así cacerolazo encapuchados mil marchadelosparaguas estudiantes chile lluvia live gran mañana mas mil nieve ejemplo grande asistentes educacion marcha gente futuro cabros convocatoria frío"
"movimientoestudiantil","estudiantes gobierno monagas anak hectorcaldera puede maturin cne sede años democracia ues ademocratica quiero secuestrados parque chileno estatales httpt arrogancia movimientoestudiantil chile educación fuerza país calle mejor debe hacer piñera chavez cara calidad cada calles paronacional represión quiere excelente chávez movimientoestudiantil estudiantil dice sintransar mov redes sociales elcaarlooz hagamos monitoreo año debilita personas crecer hagamoslo globovision ciudadano menos deoctubre uach mañana movimiento asamblea gran camilavallejo toma lunes san colegio nunca todas alexvzlalibre correcto leyes injustas ratifica universidades nadie estudiantil vivo movimientoestudiantil mas vamos matreraenpie uguelo educacion derechos saber siempre unidos apoya presidente foto constitución respeta libertad carabineros aguante estudiar viva movimientoestudiantil lucha ser universidad paro bien apoyar llegar triunfo queremos terminar toman beyer salida tema continúa mariseka debería lucrofuerzaestudiantes meses hoy movimientoestudiantil vzlaestudiante nacional twitazo via confech favor difundir dirigentes viene movi vprimero parte nueva juventud udi mientras patria ahí movimientoestudiantil marcha hcapriles plaza movilizatechile gracias hrs día hacia seguir sigue italia operaciónsoberania domingo futuro adonaihdez marchafamiliar voz petición recibir movimientoestudiantil venezuela operacionsoberania estudiante operaciónsoberanía verdad urgente castellana herida hace gente ver toda movilizatecl así hacen elecciones dando flaconauta protesta movimientoestudiantil apoyo ahora violencia video marchas solo jóvenes vía lucro danielcastell quieren apoyando debate jueves voy participaron clases luchar chilenos"
"noleyhinzpeter","noleyhinzpeter amnistiachile firma hoy ley ahora http fuerahinzpeter campaña comisión chile asambleaconstituyente decir vía httptcoykaenyt hinzpeter acción derecho podría actos firmar yonovotexel hinzpeter httptcopzkpz firmen firma firme ley tiempo aún amnistiachile noleyhinzpeter acá vota decir comisión así firmas hoy aquí noleyhinzpeter ley hinzpeter firma vía firmas manifestarse derecho ddhh diciendo chile libertad derechos fuerahinzpeter acción hoy httptcodwwvqjkz aquí mañana calles noleyhinzpeter amnistiachile httptcodwwvqjkz firmaste hazlo chile firma firmado decir firmas ley diciendo hinzpeter mañana libertad comisión así acciondeongs hoy http ley hinzpeter vota noleyhinzpeter comisión ddhh campaña calles ahora asambleaconstituyente fuerahinzpeter hoy firmar diciendo puede acá vía acciondeongs decimos firma noleyhinzpeter amnistiachile firma expresión ley ahora hinzpeter libertad httptcoykaenyt hoy derechos http campaña puede aquí podría firmas chile acción calles firma ahora diciendo difunde semana amnistiachile sala necesitamos ejercicio actos ley noleyhinzpeter derechos votación hinzpeter ddhh firmas http chile comisión noleyhinzpeter hinzpeter ley derechos humanos puede hoy ddhh asambleaconstituyente fuerahinzpeter firma aquí expresión acá decimos chile así derecho comisión firmas noleyhinzpeter firmas plaza armas recolectando jueves amnistiachile decir hinzpeter seguimos httpt hrs mañana ley ddhh chile derecho acciondeongs ahora diciendo amnistiachile noleyhinzpeter hinzpeter aquí puede decir decimos expresión hoy libertad acciondeongs chile httpt ley diciendo asambleaconstituyente http ddhh hrs acá"
"PedaleoxLaEducacion","miércoles pedaleoxlaeducación mojar bustamante súmate camilavallejo jóvenes parque agosto adultos lluvia pedaleros mfcoficial camiseta happyciclistas pedalear bicicleta movilizarse forma camise parque pedaleoxlaeducación agosto miércoles bustamante happyciclistas adultos súmate hrs única camiseta pedaleoxlaeducacion feuc lluvia jóvenes forma bici horas mojar bicicultura bustamante camilavallejo pedaleoxlaeducación súmate mojar parque miércoles adultos pedaleoxlaeducacion jóvenes happyciclistas camiseta mfcoficial camise hrs mañana lluvia pedaleros llueva vamos pedaleoxlaeducacion bustamante miércoles hrs educación happyciclistas parque pedaleoxlaeducación camilavallejo mojar llueva hoy vamos café mañana lluvia pedalear adultos miercoles jóvenes adultos bustamante pedaleoxlaeducación pedaleoxlaeducacion jóvenes miércoles camiseta súmate mojar camilavallejo camise hrs educación agosto pedalear mañana parque confech pedaleros llueva pedaleoxlaeducación parque camilavallejo miércoles jóvenes pedaleoxlaeducacion agosto súmate camiseta mojar bustamante camise hrs hoy happyciclistas adultos chile educación mfcoficial lluvia pedaleoxlaeducación bustamante happyciclistas horas parque cicletada vemos forma educacion saca movilizarse miercoles mañana hoy bicicleta hrs marchar bici vamos pedaleoxlaeducacion bustamante pedaleoxlaeducacion hrs happyciclistas miércoles agosto parque mañana vamos hoy horas miercoles lluvia educación bicicultura saca jóvenes camilavallejo marchar movilizarse pedaleoxlaeducacion parque pedaleoxlaeducación miércoles bustamante hrs happyciclistas adultos camiseta mfcoficial súmate pedalear ciclopatagonia confech lluvia jóvenes mojar hoy feuc chile pedaleoxlaeducacion parque café agosto feuc literario marchar ciclopatagonia hrs única bici bustamante porq saca lafech movilizarse miercoles feusach vemos happyciclistas"
"rankingxpsu","central casa concentración rankingxpsu ranking inclusión feuc nem inclusiva naupuc hacia psu gran ucatolica rankingxpsu ucatolica hacia inclusiva gran nem feuc inclusión ranking psu naupuc concentración central casa psu rankingxpsu feuc ranking inclusiva hacia nem ucatolica inclusión gran naupuc concentración central casa rankingxpsu ucatolica feuc gran naupuc inclusiva inclusión ranking hacia nem psu concentración casa central rankingxpsu feuc ucatolica inclusión naupuc hacia inclusiva gran ranking psu nem concentración central casa rankingxpsu feuc ucatolica ranking inclusiva gran hacia inclusión psu nem naupuc concentración central casa rankingxpsu ucatolica inclusión ranking hacia feuc inclusiva naupuc psu gran concentración nem casa central feuc rankingxpsu ucatolica naupuc gran inclusiva ranking inclusión psu hacia concentración nem central casa rankingxpsu gran inclusión feuc naupuc inclusiva ranking nem ucatolica psu hacia concentración casa central rankingxpsu ranking psu nem naupuc feuc inclusión ucatolica inclusiva gran hacia concentración central casa"
"reformaeducacional","reformaeducacional comandomichelle reformatributaria marcha mañana acá fin lucro michelle nacional propuesta pilares paro elinformantemb nueva quieres horas chiledetodos verdad desigualdad haz reformaeducacional súmate comandomichelle chilenos creo firma debe sumaste giorgiojackson actuales cuna destino abunda determinar talento mil pabloviollier gobierno acuerdo reformaeducacional sentidoscomunes estudiantes gobierno ahora video acuerdo vía http años necesita superior marchan pública estructural deagosto profunda liceo conoce httptcoczmmwh educación reformaeducacional mineduc queremos ministro calidad cambiar colegios bien bulnes movilización anuncios comandomichelle beyer sistema hacer ser esencia apuntan excesos estudiantil movimiento calidad sigue giorgiojackson sistema justo copa américa integrador aguanta historia reformaeducacional columna horas hacer feuc sentidoscomunes sebastianpinera educacion educacional crisis marchaidrech chile reformaeducacional unesconow oecdcentre unescosantiago necesitamos intervención mano ojos espalda tiendan den mas país marcha camaradiputados reformaeduca reformaeducacional hoy giorgiojackson tolerancia camilavallejo hora junto haciendo feuc chv presidente movilizatechile hrs recordamos reforma país http historia mañana antofagasta represión giorgiojackson violencia realmente hoy aislados condeno desmedida excesiva hechos polici supuesto buen día mwaissbluth cada transversal exigencia feuc apoyo reformaeducacional confech ubiobio apoyo chillan demandas estudiantiles movilizados ciudadano lavín giorgiojackson moscas piñera yoapoyoalosestudiantes hambre carta feubbchillan educacion movilizaciones calle reformaeducacional chile toma reforma país sebastianpinera mas columna solo antofagasta camaradiputados reformaeduca difundir protestas srcrispin congreso puede importante hrs futuro"
"sintransar","sintransar ccpmovilizada pueblo luchan todas lucha ahora movilizado yoparoel luchar yomarchoel poderpopular mas hrs aguante aqui gratuita permiso nunca educación ccpmovilizada sintransar lucha luchan mas compas fuerza hrs aqui pueblo aguante poderpopular nacional liceo paro continúa lxs educ fuerzaaysen marzo ccpmovilizada sintransar luchan compas ahora yomarchoel lucha fuerza pueblo nacional yoparoel hrs labbestia aguante solo aqui gratuita nunca agostopopular marcha ccpmovilizada sintransar compas lucha fuerza aqui yoparoel yomarchoel arriba popular agosto fuerzaaysen calle continúa solo educacion duopolio adelante demarzo gratuita sintransar pueblo yoparoel ahora ccpmovilizada fuerza agosto compa paronacional mas toma pacos movilizado todas aquí continúa nunca calle hoy luchar sintransar ccpmovilizada hrs fuerza agosto todas mas marzo agostopopular aqui lucha ffee continúa educación calle pedro educ luchan aguante territorios ccpmovilizada sintransar ahora pza compas mas educación italia toma sexista gratuita digna poderpopular aquí hrs compa aguante calidad solidaridad yoparoel lucha sintransar pueblo hrs ccpmovilizada aquí agosto solo toma ahora marcha luchar paronacional agostopopular educ italia marzo gratuita educación popular ccpmovilizada sintransar paroccp lucha carmela carvajal paro difunda mas pacos acate resolución prat ayudenos todas fuerzaaysen represión calle corte agosto sintransar lucha ccpmovilizada poderpopular liceo hora toma uds todas haciendo fuerzasecundarios luchar yoparoel aguante paren wea educ dejaron medias gobierno"
"TodosxLaEducacion","todosxlaeducacion movilizatechile hoy usach marcha agosto chile lafech estudiantes feuc educación nacional mañana calle yomarchoel personas impresionante martes todosxlaeducación mil marcha nacional agosto feuc todosxlaeducacion todosxlaeducación calle mañana martes usach httpstcomganxhwp hoy educación lafech movilizatechile chile yomarchoel estudiantes impresionante mil lafech calle httpstcomganxhwp todosxlaeducación marcha mañana nacional hoy martes todosxlaeducacion estudiantes solo mil chile central usach yomarchoel educación personas impresionante ministro educación académicos emplazan nacionales premios feuc todosxlaeducación todosxlaeducacion lafech marcha hoy estudiantes mañana martes calle movilizatechile usach chile agosto marcha yomarchoel todosxlaeducación martes lafech hoy todosxlaeducacion estudiantes calle educación mañana usach agosto httpstcomganxhwp movilizatechile chile nacional feuc impresionante personas mil familias unico calle deciden educamos mostramos ricas vivimos lafech todosxlaeducacion todosxlaeducación marcha hoy feuc mañana estudiantes martes educación yomarchoel educación solo chile lafech todosxlaeducación todosxlaeducacion hoy impresionante marcha martes estudiantes personas movilizatechile usach mañana yomarchoel feuc nacional agosto httpstcomganxhwp todosxlaeducación hoy estudiantes lafech marcha martes mañana yomarchoel educación usach calle chile httpstcomganxhwp feuc todosxlaeducacion central nacional solo agosto mil mañana usach martes todosxlaeducación marcha httpstcomganxhwp lafech todosxlaeducacion calle hoy movilizatechile educación nacional feuc agosto yomarchoel chile estudiantes mil solo todosxlaeducacion marcha lafech personas mil cola impresionante central solo hoy chile todosxlaeducación calle usach yomarchoel feuc educación estudiantes martes mañana"
"tomaliceo","tomaliceo liceo barra eduardo liceo eduardo tomaliceo barra liceo barra eduardo tomaliceo liceo eduardo barra tomaliceo liceo tomaliceo eduardo barra eduardo tomaliceo barra liceo tomaliceo eduardo liceo barra tomaliceo liceo barra eduardo tomaliceo liceo barra eduardo liceo tomaliceo barra eduardo"
"YoApoyoALosEstudiantes","yoapoyoalosestudiantes estudiantes marcha apoyo movimiento cacerolazo mañana educación estudiantil ahora vamos giorgiojackson cabros gratuita mundial chilenos barrocoaustral plaza chile hagamoslo yoapoyoalosestudiantes chile calidad cacerolazo educación fuerzaestudiantes difundir mas asambleaconstituyente demandas estudiantes santiago ahora encapuchados gratuita deagosto educacion yomarchoel sentidoscomunes marcha yoapoyoalosestudiantes chilenos yomarchoel marcha vía youtube vídeo ahora asambleaconstituyente educación echa actores gobierno comunicadores vistazo plaza educacion piñera gente giorgiojackson educación marcha hoy calle puede yomarchoel mas calidad estudiantes dice bien gente fuerza ahora vamos ser claro nuevamente lucha actores yoapoyoalosestudiantes estudiantes marcha chile país calidad vamos gobierno yomarchoel quiero video movimiento educacion educación mas campaña asambleaconstituyente gran hrs estudiantil yoapoyoalosestudiantes chilenos estudiantes educación youtube pacos país hrs piñera apoyo marcha movimiento gratuita marchar campaña gobierno video van lucro quieren chile estudiantes educación marcha agosto yoapoyoalosestudiantes marchando hoy yoapoyoal clank todas micros foto yoapo acá video cacerolazo duda encapuchados apoyo yoapoyoalosestudiantes educación estudiantes chile marcha hoy youtube video ahora pública gratuita vía cacerolazo mil estudiantil gran barrocoaustral educacion cacerolachilena mañana yoapoyoalosestudiantes educación estudiantes hoy yomarchoel siempre calidad chile actores gratuita piñera chilenos ser marchas hrs movimiento barrocoaustral gobierno día lucro yoapoyoalosestudiantes estudiantes hoy educación hora chile yomarchoel fuerza mil gobierno estudiantil mañana país fuerzaestudiantes encapuchados cambio calidad educacion hrs chilenas"
"Yomarchoel11","marcha hrs calidad gratuita nacional palma claudio paro nuevo video yomarchoel educación http hora valparaíso paronacional rvfradiopopular chile noestansolos hoy yomarchoel concepción confech yoapoyoalosestudiantes fin marchaestudiantil marcha educación nosvemosel chile estudiantes fuerza paronacional hora stark hoy marchar lucro santiago hrs nosvemosel ahora rvfradiopopular santiago lucro vía cacerolachilena yoma http valparaíso mesupchile bandera yomarchoel miles fin educación marcha hora chile estudiantes educación yomarchoel confech lucro mas hora hrs marcha bachelet cacerolachilena chile gratuita estudiantes calidad nosvemosel calle fin miles abril mañana pública porq camilavallejo mas país derecho debe garantizar invertir universal miga creo posible verdad conquistar deudas educación yomarchoel marcha abril yomarchoel derechos salud lafech calle marchamos hace mgoyenechea chileno trabajadores cobre tener afielbaum clínicas hrs educación marcha hoy hora chile yomarchoel mañana estudiantil plaza italia marchar jueves intendencia autorizó partirá marcha abril hrs valparaíso educación movimiento hora estudiantes confech santiago yomarchoel estudiantes fotos asistentes marchan cut apoyo cifraron marcha santiago hora educación paro mil chile nosvemosel paronacional hoy lucro solos yomarchoel chile hoy vamos intiillimani izquierdatuit solos fuerza mejor stark noestansolos día bachelet paronacional movimiento marchando confech marcha educación estudiantes eldinamo mil personas alameda carabineros mientras miles hora acto grupo mapocho enfrenta justicia estación siguen yomarchoel cierre participan llegando estudiantes"
"Yomarchoel13","nosvemosel revolucionchile yomarchoel minuto educación estudiantil marcha cacerolachilena factorabsoluto live estudiantes marcha estudiantil yomarchoel minuto factorabsoluto educación revolucionchile nosvemosel live estudiantes cacerolachilena yomarchoel estudiantes cacerolachilena educación marcha minuto nosvemosel revolucionchile live estudiantil factorabsoluto yomarchoel educación estudiantes cacerolachilena marcha revolucionchile minuto live factorabsoluto estudiantil nosvemosel yomarchoel marcha estudiantes educación revolucionchile minuto cacerolachilena factorabsoluto live estudiantil nosvemosel yomarchoel minuto educación marcha estudiantil factorabsoluto nosvemosel live cacerolachilena revolucionchile estudiantes yomarchoel live factorabsoluto estudiantes minuto educación marcha revolucionchile cacerolachilena nosvemosel estudiantil yomarchoel marcha minuto estudiantes estudiantil nosvemosel cacerolachilena educación factorabsoluto live revolucionchile yomarchoel nosvemosel cacerolachilena educación estudiantes marcha factorabsoluto live minuto revolucionchile estudiantil yomarchoel minuto marcha factorabsoluto estudiantil nosvemosel live educación revolucionchile estudiantes cacerolachilena"
"Yomarchoel17","minuto yomarchoel revolucioncl marcha educación marchaestudiantil minuto marchaestudiantil marcha revolucioncl yomarchoel educación yomarchoel educación marchaestudiantil marcha minuto revolucioncl minuto marchaestudiantil yomarchoel marcha revolucioncl educación yomarchoel marcha educación minuto revolucioncl marchaestudiantil yomarchoel marcha minuto marchaestudiantil revolucioncl educación educación marcha marchaestudiantil minuto yomarchoel revolucioncl yomarchoel marcha minuto educación marchaestudiantil revolucioncl yomarchoel minuto educación marcha marchaestudiantil revolucioncl yomarchoel marcha minuto revolucioncl educación marchaestudiantil"
"Yomarchoel25","yomarchoel educación chile calidad gratuita mas educacion quiero país hijos yosueñoparachile mejor marjoriecuello movimiento fuerza quiere futuro acceso publica sociales yomarchoel lafech miércoles movilizados bancos movilización marchan valpo endeudamiento httptcoexlqq aun aledevalpito vemos todas crédito toda años hace junto educ pública educación deuda lucro porq camilavallejo queremos necesitamos recuperar cambiar yomarc erradicar seguir luchando ahora avances logros giorgiojackson reconozcamos yomarchoel yomarchoel estudiantes movilizatechile marchar recorrido derechos volvieronlosestudiantes nueva acá nuevo día feusach clases moviliza educacional aunque rvfradiopopular vendrán chilenos siguen marcha banca sigue leer creo sintransar ccpmovilizada yomarchoconmishijos alameda tener invito valparaíso hacer httptcomwefvkk partan colum endeudados miedo giorgiojackson romper yomarchoel plaza italia calles gabrielboric camilavallejo fotos ahora fin hrs confech seguimos cambios aquí demuestra sentidoscomunes cae luchando solo volvemos yomarchoel mil personas sistema foto valdivia así carabineros convocatoria marchando enfrentamientos izquierdatuit eldinamo vehículo volcó austral vía pueblo impresionante cacerolachilena calle santiago estudiantil gente vamos chilena nuevamente salimos mapocho compañeros llegando estación vende año elquintopoder sigue regiones vivo altísimas reportan yomarchoel yoapoyoalosestudiantes hoy abril ser derecho gobierno chilenooserinde lucha debe puede gratis mismo demandas bien negocio indignadoschile sólo voy mientras mañana yomarchoel marcha nacional marchas gran miles noamtitelman twitter beyer primer parte hinzpeter quién delitos disminuyeron expresando trimestre manifestamos ojalá"
"Yomarchoel26","puertos casi chile estan cobrexeducacion teniente confirman afielbaum chuqui yomarchoe paro yomarchoel asi lafech eldinamo marcha paro teniente chile yomarchoe chuqui cobrexeducacion casi puertos afielbaum confirman asi yomarchoel estan eldinamo marcha lafech puertos afielbaum casi paro teniente cobrexeducacion chile yomarchoe asi estan confirman chuqui yomarchoel eldinamo lafech marcha estan chile teniente cobrexeducacion yomarchoe asi paro confirman yomarchoel chuqui afielbaum puertos casi eldinamo marcha lafech confirman casi afielbaum chile cobrexeducacion chuqui asi teniente paro puertos estan yomarchoe eldinamo yomarchoel marcha lafech yomarchoel eldinamo marcha lafech paro confirman chile puertos casi chuqui afielbaum teniente cobrexeducacion yomarchoe asi estan yomarchoel chuqui marcha confirman cobrexeducacion lafech paro asi afielbaum estan eldinamo puertos teniente chile yomarchoe casi yomarchoel paro confirman casi marcha cobrexeducacion teniente chuqui eldinamo estan asi afielbaum puertos chile yomarchoe lafech yomarchoel eldinamo lafech chuqui chile teniente paro yomarchoe estan marcha puertos afielbaum confirman cobrexeducacion asi casi chuqui asi yomarchoe afielbaum puertos chile estan confirman teniente cobrexeducacion paro casi yomarchoel eldinamo marcha lafech"
"Yomarchoel28","yomarchoel banderazo calle vía profesores gabrielboric center costanera día cabros noamtitelman toma confech feusach nunca liceo puerto salir gran montt alameda yomarchoel hoy plaza italia mil hrs personas aces recorrido carabineros usach intendencia frontis blanco clases moneda frente rvfradiopopular derechos educación lucro porq camilavallejo gratuita calidad pública derecho seguir ser luchando debe terminar opción desi queremos mercado negocio dignidad principios chile yomarchoel ahora secundarios lafech calles ccpmovilizada eloisagonzalez santiago martes rvfradiopopular demandas http derecho sintransar nono httptco pío facultad zorrillo estudiantes yomarchoel estudiantil detenidos fuerza cacerolachilena movimiento chi factorabsoluto nuevamente toda via apoyo santiago represión compañeros prensa ver movilizados chilenos educación yomarchoel marcha nacional difusionaces paro confech movilizatechile coneschile convocatoria junio junto convocado convocada http agosto trabajadores beyer httpt mayo yomarchoel marchar chaolucro yoapoyoalosestudiantes porlaeducación encapuchados lucha feuc foto decir alameda bien lucran tods movilizaciones presente aquí basta arriba igual yomarchoel porlaeducacion jueves marchan marchas mesupchile marchamos educacion país vamos marcho sistema miles así giorgiojackson marcháis paronacional marzo espantachuncho estafadoscorfo marcha yomarchoel carabineros fotos valparaíso incidentes antofagasta valpo aledevalpito mejor multitudinaria manifestantes gente soychilecl universidad nueva temuco violencia salimos social yomarchoel mañana lluvia video fin mas gobierno permiso valdivia vivo nomáslucro difamadores pacos fortalecimiento vez arribalasprivadas privadas fedepudp piñera universidades"
"Yomarchoel5","yomarchoel marcha mumschile sexual minuto odio derechos queremos igualeschile divesidad junto oct gonzalocidv chile pza violencia revolucioncl http tutiopelao diversidad yomarchoel mumschile derechos marcha sexual diversidad hrs italia divesidad pza igualdad odio igualeschile oct plaza queremos octubre crimenes ahora acciongay marcha derechos mumschile plenos diversidad sexual igualeschile acciongay plaza sábado queremos gonzalocidv oct divesidad igualdad tutiopelao http xlosderechosplenos yomarchoel odio yomarchoel minuto revolucioncl estudiantil marcha derechos diversidad chile italia oct hrs octubre sexual ahora tutiopelao igualeschile sábado divesidad pza homofobia yomarchoel marcha sexual acciongay divesidad igualeschile oct mumschile plaza gonzalocidv italia hrs queremos crimenes junto diversidad httptcoztgetc plenos http sábado marcha sexual gonzalocidv yomarchoel diversidad httptcoztgetc derechos divesidad plenos estudiantil chile violencia http odio italia acciongay dondatos eldinamo mumschile pza acciongay mumschile yomarchoel plenos italia diversidad plaza mañana derechos junto octubre httptc xlosderechosplenos ahora oct dondatos odio alameda minuto estación diversidad yomarchoel marcha sexual derechos mapocho junto estación alameda mumschile acciongay italia eldinamo plaza pza mañana xlosderechosplenos tutiopelao http octubre sexual hrs yomarchoel italia derechos divesidad tutiopelao igualdad oct sábado homofobia violencia pza dondatos ahora mumschile acciongay marcha mañana odio yomarchoel mumschile diversidad sexual crimenes marcha junto queremos igualeschile acciongay odio divesidad plenos italia minuto http derechos hoy httpt pza"
